userid,password,firstname,lastname,dateofbirth,phonenumber,email,address,usertype,faceimg
01JH1Y5BX20VQ8NC8GVT9T07QD,fY3?t?g?,Karolina,Nowlan,2004-10-11,644-347-7361,knowlan0@nbcnews.com,41 Express Alley,2,"data:image/png;base64,iVBORw0KGgoAAAANSUhEUgAAABAAAAAQCAYAAAAf8/9hAAAABGdBTUEAAK/INwWK6QAAABl0RVh0U29mdHdhcmUAQWRvYmUgSW1hZ2VSZWFkeXHJZTwAAAJ/SURBVDjLY/j//z8DJZgsTV+9fAu+uHo8+GzvXECWAV+c3R//mTn9/ydLu4eka3ZyY/ts63T3k4Xt+4/GlqS74JONY+9Hc5tdH4wsmAmGgWv9xQKX2nMPnapOF4A1WzsEfjSzefLB0FwUHoi/szPX/05P/f0rOWk9ugHONWefzNl44X/B/L3/o7LXnn1h4fitN6i22Tx7W5tpxqYHxmnrChh+p6X+/rd10/+fsbF/f0REmiE0n7F3rDz5wb7s6Bu3gt3Vz80db69zTd1mlr11tUnGxt89Cw/8N0ha9YDhZ2LC+p8xMb9/hEdc+h4Ucu+br//JFXFNi5zKjz20KztiDzIMGFgzP+iZboQZbpSypsAgaeUjvfilqIEI9C9bV1LfvnnRaT96Ghr/zZs3739Xccn/S9aO3+cEh6nV1NTcBYm1tra+y8rKKrWzs+NG9q+EY8XR4+7RFdcmTpz4/8WLF//v3r37/+DBg//7S8v+V1dXH7p58+YPkNiRI0f+g9T4+Ph0MbjWXSgA+vc50L9vLEJq5hcXF384d/ny/4iIiG0+3t7/UlNT/0+aNOl/ZWXlfxDb29v7D0gOZAhILYNT9ZkHk9dc/A/070sjI6Oupqam7yAD/P39uezt7T/v3bv3/7lz5/4fOnTo/9q1a/+DxEByIANAahkcKo4X2JUefmBTtL9AV1c3Mz09/T3IgKCgoJ2Ojo6/3Nzc/gcGBoIxiA0SA8mBDACpRQlETSDw9fW93tvb+37VqlVv161b93/69On/CwsL/1dUVIDZIDGQHEgNSC2KAWpqasxAJxp4eXndT0lJ+ZKdnf0diH+Gh4fHAbEzkP0JJAaSA6kBqQUAGVqFjOjvxXwAAAAASUVORK5CYII="
01JH1Y5BX45ETS2R6EN9W48VD5,"rU0|b4x/1,O|",Gina,Manach,2004-07-24,369-522-6655,gmanach1@youtube.com,61401 Shasta Alley,2,"data:image/png;base64,iVBORw0KGgoAAAANSUhEUgAAABAAAAAQCAYAAAAf8/9hAAAABGdBTUEAAK/INwWK6QAAABl0RVh0U29mdHdhcmUAQWRvYmUgSW1hZ2VSZWFkeXHJZTwAAAEjSURBVDjLxVM7TsRADPVEK4oVSrGU1FyCjltwADrOQhOJe1DsMbbfYjsQ2g4h5cvM2MaeT1BIJNBSYMl69iTv+TOJYWb4ixWnEquqCpVX3x887bqxJSQAkgwRwEvsE97drM0wDLAooHZxXgBlsiAmJDl4ecPwTtd1ywJaXsmZqLFP5JBHPrRtuyyQ29Xq2nIU44mYWtM0ywJKOr7TOC9hjIOAOvwgcHu9Nr+5hYnAw/bI81EYvLTgBJ1lsA7BORIkeLy/MnVdTzu43JwFJPmwdFGjgNcRxH0BXsj757i8mQBzWhaqK4EDGZ1gyvV8+KD5LeRqPmCKQ/UYo3oSJ6L5DqwlOLz2ghiq6pzOxvZ1fuQvYra+73PrfJKXZcmK5t/+xmyf9PZAc1Cvzt0AAAAASUVORK5CYII="
01JH1Y5BX64E0MTZV7RVHSZMKV,eG7<|nup9%d_fR,Artur,Chatell,2005-04-04,106-410-4650,achatell2@twitter.com,46 Del Mar Road,1,"data:image/png;base64,iVBORw0KGgoAAAANSUhEUgAAABAAAAAQCAYAAAAf8/9hAAAABGdBTUEAAK/INwWK6QAAABl0RVh0U29mdHdhcmUAQWRvYmUgSW1hZ2VSZWFkeXHJZTwAAALjSURBVDjLfZNfSN11FMA/3/v7ea/36prXWWirTZdlKtiC6CGi4BLVCqJB2/BFNmKMfInVQw8RK4lVD/VoEL2UWL0Za8HQJHNL5ya17lZz4aItXb957/V6r9v13t/3z+nBNBm0A4dzXs7n/FciAsCz747LgRdambyyiDOCtQ5rHc46jHE8ft8W+gd/Yrr/JcUG8dccZy3OCUb/G2hWrTWraoxgjeVWiaw569m0xYSW9qrT9NxxFB1atLarwNsBnLHcLGnu3hRDh5ZU4mseqb9Mo8xw7+Y4N0oVrL1tBbbv7PnrNMR8OpNFdkTTROpTPFU7yl01UaZ+nsMZ2/e/gPEPdh258Humbyod8Gjie/ymPUTqHqMzMsKZc1c4fynouzi4/8itABWe2hYX8drEiecE3vqx59ChrhMHt3UdhEiU8OpXDJz0vtnXkX5HJIJzgtWlTNOehasAqjLWOCeJ9q0iICKIEyLJJyCxHdF5RBfQuTS2tICgcFoTLv9JuJjtaXlFBnyTC3pdEAx6Hb21/tZuJAxwYR6ns2BLoBxVd+4k6m/CGU1h+gvy09ljxBgCUCJCYUC1Osvx6IO727x7XkTC64i5ibgSYldAeQTfTRP88AuVpbJYT+aA/qeHzftq7RLzX6paB5/HH3pjt4rV40wesSVwZTKT8yxfyvJAai+xlk5W0sP8dnLE5mcuHl7fQrJbbqh4zYguzCIKEIdCgVj+Gp3k/tReqi+PoT7rJvHHEM3bt3ii5LC/cSVC9fNVyZ0o5eOMQS9dI9rQjM4WqW5sgede++8H3m7Cc6p5HZAbaog7IeXVdVA48yG5iYlZFKdq2lr3e3UJSue+peZYL5WVgBKwXPSwHtc2XKJ5UtXuiGeOv05mbOITo3m4/T05sDQzu6u6nuVfT4/zdzlO0asiv6iYnVdWoH99iPOfqpfLC7xZztLb+ZGc2Nja1KtqcyWTHC3nil2eUb71ZF7g42eGzdF/AONCmjwFNk4lAAAAAElFTkSuQmCC"
01JH1Y5BX7P3X2288BVHZT6YAH,yD8#6zSW}xb\Qls,Aleksandr,Gantlett,2003-11-30,843-466-1936,agantlett3@techcrunch.com,09 Sunbrook Circle,1,"data:image/png;base64,iVBORw0KGgoAAAANSUhEUgAAABAAAAAQCAYAAAAf8/9hAAAABGdBTUEAAK/INwWK6QAAABl0RVh0U29mdHdhcmUAQWRvYmUgSW1hZ2VSZWFkeXHJZTwAAAIESURBVDjLvVO/a9tAFD5ZdWwZg11w2iR1idMhxhm8ZOlS3K1rlwwZRD2EQCd7KIUOpmvoj7E4BBxElw72kMFLh5osBkEp3fwXlMY4TlRJtk4/7kffqW6wcDMFevDxTu/u+/S9d3cS5xzdZMTQDcet6xY6nc7jIAh2AU9830eAz4BP9Xr9dH6f9K8S2u22IL8rFovb6XQaEULQeDxGuq5/A5EXjUbjdMFBt9tdA9I+YAewWiqVbieTSWRZVigg5uVyebvf7+/C9kUBUN7P5/OvM5kMopQiz/OQYRhoZj/MpVIpkd+r1WoJyB02m019XmBH2J1OpwhjfEUEN1fRtm1UqVRipmk+6/V6ghYRCCHIruuGfxQk4URE8S3WJ5MJyuVyYv40coywsT0cDv+cbSyGHMcJhRRFCcEYQ5IkoWw2i0ajkRA4ifQABI4Gg0FYyszNV4AMeDQr4TtAATwEnEBjDxeOsaadvYnJSGEUYRFdj2PGmTLxOSaEKZ7LMCVccWzy8svBJo6U8Pz458pWPlF1A97aXE1UL2zS2rgbr54bQevBnXj114XfKkDevPQO/pIjDuofz94TymU3YNQnXMYeozRgUAKjxGdyABH6KLsOfaV/2MKRt7B39OPe+nJcPbeIVlheUg0j0AorS6p5GWj31xKqZRJtfSOlAvntPPnaq/xfX+NvE6ltVjnyz4AAAAAASUVORK5CYII="
01JH1Y5BX8HH8F0WSJ9PA4VNH3,xF4/{EHl<,Sloan,Devenish,1980-11-18,872-949-0594,sdevenish4@columbia.edu,27264 Farragut Court,1,"data:image/png;base64,iVBORw0KGgoAAAANSUhEUgAAABAAAAAQCAYAAAAf8/9hAAAABGdBTUEAAK/INwWK6QAAABl0RVh0U29mdHdhcmUAQWRvYmUgSW1hZ2VSZWFkeXHJZTwAAAHYSURBVDjLxZPNS5RhFMV/7yhGhsL0oaSBfRDF5CIFKchVRCHVNugPiEDa9AcUBEEgQosWUVC0ixYuQtoUmAuLWlSbehmpFGGQQEhCafK5Xy3mdYIKWrjobs498NzDec7lZhHBRqrEBqu1+uByzcx63Q0zxUxQFVRTE0USqunpmevTp/4QMLPermMjRBhhTrjiboQpYYKbEqa8nbx/8q8OVAV3Ze3bImGKq+AmDdSEa2JT507udIxx+9rzMDVMzVR0dGb89N1W1UR35ew//2rTU1w9P4h5UFtabbk18eYG0BC48mSO6uIKlhxNhiVD16zJD/ZsQUVJGhzqKzOwp8zNh6+2ArSKrHFxxwzfSwuFZcEK6+u8fVsfF2pDdG7OWPiyzIFdZSQJTQGXhKV6MSjNQdfUCFIFSYKok9dWqSf7JZDSD0wTbR3djcS1SN612IARKmgSRIO9Xe2IBSoKQHbuxOGIcNydCCcK9IgGj4AI5koDRATh0cAIZl8/zkqPnr3L3i/KfHnfUXr6j1Ndyup9gyN07j7Cp69tU5MvPmeTL+eyDzMTGcvV+eH+7Qzt76Bl5eMUQBYRVCqVYWAMqAP3gEtFP5rn+ez6Kn97N5rn+Wz2349pwwI/AbeHbP+UHpVDAAAAAElFTkSuQmCC"
01JH1Y5BX9ZM06G54Z6NJTWXRC,yC9@uhOxC$SHODVe,Caresa,Riccardo,1985-11-01,398-223-8196,criccardo5@npr.org,9 Swallow Road,2,"data:image/png;base64,iVBORw0KGgoAAAANSUhEUgAAABAAAAAQCAYAAAAf8/9hAAAABGdBTUEAAK/INwWK6QAAABl0RVh0U29mdHdhcmUAQWRvYmUgSW1hZ2VSZWFkeXHJZTwAAAKqSURBVDjLjZNdSFNhGMdPqJU3QXdCQXhT3XUdQqS0rNR2sRB3YWxMIyxEYtM22MJKY+kCo7ESgi5CK8MgWrimTN1xm24izuWGKUutOdP5se+zj/PvPackFxW98Ls45zz/3/s878uhAFA7nFGPSKo6HGZhp4MlQKhzJISd44lK7Rhb0kw/2l27Q87D+XY6tR5OYCOaRCjyg/VwEt5AGOq3S5B1zcVPXXu376+CSq0tvh1jMLmcIaTh+MxgdD6JZDqLyUAGd98voUxp6fmroEJrS3CCKSKY+pLBxGIK9AID/2oUXGermzEINKPpPwpaW1sLK7RjzFaUwQzZbWYl+7OLFMyzMRg9EWyR0c7etjISiaQwR0DCMkKEHBY2icC7wuIjEbiJyLWY5scYmouTbymcu0NDLBZHRCKRjBeQoKC7uxsulwsXO+wIEYEvyMJLmPmaxTQZxU66sJJRQkRwoc0Oq9UKuVyO8vJyASdwk4VgMAi1Wv1fcLU0TaO6unqeEzCZTAYcTqcT4XD4n9hsNuzUNzU1sZRGowHDMDx9fX3w+/286HccehXoy8cwWFaAYfERfHreBqlUCkqlUsHr9fIYDAb4fD5YLJYcRh7IMa0oQcKoAzs7gNiLG3BePwF56VFQCoUCZrOZR6fTwePxwGQy5XLpEOIkjIdVQMtBoL0Ya/dPo6d0PygyB4xGI49erwc5Ex6lUonGxka+zcGyfLCT/di9Nm8VwUzeUw0NDdne3l5ewAVfvX6DoeGxHEyiIkSfkmsnoWQzhQ3C4tU8vCzdC0omkz2pra1119TUQKq3I55gsL7NYI2wupVEIJSA+9k9jF85jkBLMb4pC7BQtweDVfls28kDH3L+Baneka1/PIF6wy/qeMbRpbyJfuFh/hZMgrzlAUGeist8B7UP+hUJif4NAAAAAElFTkSuQmCC"
01JH1Y5BXAB7F8VMXYETTE0FSC,uV7_hyD$L$y%tlY,Bancroft,Haruard,1983-08-06,385-280-7374,bharuard6@bandcamp.com,90196 Raven Park,2,"data:image/png;base64,iVBORw0KGgoAAAANSUhEUgAAABAAAAAQCAYAAAAf8/9hAAAABGdBTUEAAK/INwWK6QAAABl0RVh0U29mdHdhcmUAQWRvYmUgSW1hZ2VSZWFkeXHJZTwAAAHESURBVDjLY/j//z8DJRjO8F3q3d9ypOF/9b7y9x7zXAXQFTpPcaiv2VX+v2Bzznv7HlsFDAM857sJFOzIuT/hRO//wMW+81E0T3JQAGls29f8377Lph6rC0DYfZZLQOfh1v9tB5v/u0x1coCJB8zzW9+xv/1/xOKw8zi9AMPBSwPX9xzu+h+/KhqsGOjcgMZddf+rt1X+t26xNCBoAMS5eUDntvx3meDYn7Qy7n7rrsb/9h22/XgDERkDbS1o2d3wv31vy//+A73/S9YXvbesNRcg2gAQLtlU8H/KoUn/e/d1/89YnnafYDSC/T8vcH/ppqL/xRsK/tdvr/0/6cCE/9MPTf3fsr35f/byjP9Zy9L/5y3PeYnTgIBJ/g1+E3wbfPu8G5IWJR7o39v3v3h1wfvIuZEHnJudGhwbHBrs6+0aiPKCe4dbQ/XGqv/Ji5KeOzY6NBDlBd8pPvtzVmb9z16Z8b9hc/3/CXv7//fv7vtfu6Hqf8r8pP9J8xP/A124D6cBbm1uDa6tLg0g54bNDD3Qs6v7f/ayjM9BUwIPWFdaNViWWzZYlJsT5wW7WtuGnGXZ/8Nnht23rLAkzgsU5UZyMQAcp633iiwCvgAAAABJRU5ErkJggg=="
01JH1Y5BXB7X46GGPR0QF9YWD1,"dY9*.""pv/+YQtts",Stacee,Buick,1982-10-02,526-199-1802,sbuick7@discovery.com,8179 Dunning Court,1,"data:image/png;base64,iVBORw0KGgoAAAANSUhEUgAAABAAAAAQCAYAAAAf8/9hAAAABGdBTUEAAK/INwWK6QAAABl0RVh0U29mdHdhcmUAQWRvYmUgSW1hZ2VSZWFkeXHJZTwAAALnSURBVDjLfZNLaFx1HIW/e2fuzJ00w0ymkpQpiUKfMT7SblzU4kayELEptRChUEFEqKALUaRUV2YhlCLYjYq4FBeuiqZgC6FIQzBpEGpDkzHNs5PMTJtmHnfu6//7uSh2IYNnffg23zmWqtIpd395YwiRL1Q0qyIfD56cmOvUs/4LWJg40auiH6jI+7v3ncybdo2Hy9ebKvqNGrn03Nj1+x0Bi1dHHVV9W0U+ye4d2d83+Ca2GJrlGZx0gkppkkfrsysqclFFvh8++3v7CWDh6ugIohfSPcPH+w6fwu05ABoSby9yb3Kc/mePYXc9TdCqslWapVGdn1Zjxo++O33Fujtx4gdEzj61f8xyC8/jN2rsVOcxYZOoVSZtBewZOAT+NonuAWw3S728wFZpFm975cekGjlz8NXLVtSo0SxPImGdtFfFq5epr21wdOxrnMwuaC2jrRJWfYHdxRfIFeDWr0unkyrSUqxcyk2TLQzQrt6hqydPvidDBg/8VTAp8DegvYa3OU1z+SbuM6dQI62kioAAVgondwAnncWvzCDNCk4CLO9vsJVw8xqN+iPiTB5SaTSKURGSaoTHHgxoAMlduL1HiFMZXP8BsvkbO1GD2O3GpLOIF0KsSBijxmCrMY+FqgGJQDzQgGT3XrJ7DuI5EKZd4iDG+CHG84m8AIki1Ai2imRsx4FEBtQHCUB8MG1wi8QKGhjEC4mbAVHTx8kNYSuoiGurkRtLN76ivb0K6SIkusCEoBEgaCQYPyT2QhKpAXKHTiMmQ2lmChWZTrw32v9TsLOyVlu8Nhi2G4Vs32HsTC9IA2KPRuU2Erp097+O5RRYvz3H1r3JldivfY7IR0+mfOu7l3pV5EM1cq744mi+OPwaRD71tSk0Vsp3/uLB6s2minyrIpeOf7a00fFMf1w+MqRGzqvIW/teecdqV5a5P/8ncXv9ZxUdf/lCae5/3/hvpi4OjajIp4ikVOTLY+cXr3Tq/QPcssKNXib9yAAAAABJRU5ErkJggg=="
01JH1Y5BXD1AW7DCHZNFXPQY3D,hP2~q<EtohQ/,Egon,Jeffry,1989-07-07,224-391-8766,ejeffry8@addthis.com,63048 Gina Plaza,2,"data:image/png;base64,iVBORw0KGgoAAAANSUhEUgAAABAAAAAQCAYAAAAf8/9hAAAABGdBTUEAAK/INwWK6QAAABl0RVh0U29mdHdhcmUAQWRvYmUgSW1hZ2VSZWFkeXHJZTwAAAJJSURBVDjLpVM9ixNRFD1vvhLzxUiMCitiCjFWwrJuYaGQICgIgl2wSCWSIr9AFAsbQcVfYGEj9kICizGFgoUIIUENBDFrkLiDukw22fke7501MetHtY+58x6Pd+455973RBiG2MuQsMehzBa9Xu+57/tFCnieB9d15+E4zjxs2+a5WalUSowTbIHA5zRNa+VyuejQn2PRpqqqaLVaGAwGpVqt1owUEOMtXdcxGo0Qi8XmoEUgr4fDITKZDPL5PJPeoO2m6HQ6EXs2m4VpmrvkshUGCiEgy3LEnk6nkUwm0Wg00O/3Swqzs3T2yofi8XgUD+pbSJOYqeNhf0rDl41tCMlHKjFGEG7hh1mAZw7vKsw0mUxgGEZUIGYMggDb0wyKqydweTmFZ6+HuHn15K66PG4ZeBGcX5EoQZE3OBF3oN1uo9vtYmq7+D72osNrb77OgRZtmTZgbDpkLYDCrOyVgxNwsGdJIt9UQ9cPcL+6TKqoqJRApn+CSs84c+LsJJgBWXqhUIjmdz0JFqm48/QTKBc8ShRQhLO20pdQfyngDnCCWes4vPc2bN+DLKkMgcCOspCVhAEp5gvmQbEsq1Gv1y8s3LJoHrtnoQoF1UtpeIGzc+uZmHzHFQ33nqzjmzmBUi6XL/7rjl+5/TKkzoP6gUdvr+NA4iipkGBMP+Pa6Ye0ilOhnd9v4a9Hosg4dhg4lBqjdGoVurYUidi0lnAw6SGh0RmyJP73nFeqa6+OH9l3Ro/pJDlDNlwIKq4Iqdhiig/rH7FhuvgJMpVtkQoe5WAAAAAASUVORK5CYII="
01JH1Y5BXGHJ31W1VTK53VTWRT,jQ0%u/BWZ,Bordy,Fruen,1983-07-21,276-943-5431,bfruen9@plala.or.jp,3821 Autumn Leaf Center,2,"data:image/png;base64,iVBORw0KGgoAAAANSUhEUgAAABAAAAAQCAYAAAAf8/9hAAAABGdBTUEAAK/INwWK6QAAABl0RVh0U29mdHdhcmUAQWRvYmUgSW1hZ2VSZWFkeXHJZTwAAAIMSURBVDjLpVNLaxNRFP6STmaKdFqrgYKWlGLSgoiKCwsKVnFRtBsVUSTNyj/gxv4Bl678AyKCoCulgmtd+W7romgzKT4QMW1G+5hMpnPnnuuZm6ZNawoVBw7n3pn5vvP4zkkopfA/j9F8cafO3FekCjGpIgKIvayftTXOkr71jkz2/UXA4HxXfz72gIx/lBsWSfiVtwiWHK8B3kRQeX/6lmnnkuDAwn0MJSKQEFChQCp9CcHixxgsGWw3B01uRKfx9t1HIP1POpoSdUulLyD0vqO26IAkDW7tgSZYeHPqcmpXxkTChKzOaAKSEdo6jnEWVY5ehFxdHs2cn55rScDR73H6DKyyRWs1R0haGdR+z8YZ3MyMTj9rpUKi/PLkUJuZfmX3nkNYmQBxzYprpyCA2XMRrvNAcdfDhgKkm6ttKTdW6jH4w4RpD/ALAaNzhH2kSwALoSJCd9+VhIqEVVeD4C1MclaOT0Ke0Cowq+X9eLHapLH23f1XreDzI27LfqT2HIfvzsRAyLB2N1coXV8vodUkfn16+HnnvrPDhrmXsxBY+fmOwcVlJh/IFebK207iuqSShg0rjer8B9TcWY7q38nmnRstm7g1gy9PDk2129mjinjy3OIvJjvI4PJ2u7CJgMEdUMmVuA9ShLez14rj/7RMDHzNAzTP/gCDvR2to968NSs9HBxqvu/E/gBCSoxk53STJQAAAABJRU5ErkJggg=="
01JH1Y5BXHDMMSNF4MD6TP1C3V,oX5{i_Ve,Kahlil,Lyddy,2000-03-13,875-680-2545,klyddya@yellowpages.com,17613 Oneill Park,2,"data:image/png;base64,iVBORw0KGgoAAAANSUhEUgAAABAAAAAQCAYAAAAf8/9hAAAABGdBTUEAAK/INwWK6QAAABl0RVh0U29mdHdhcmUAQWRvYmUgSW1hZ2VSZWFkeXHJZTwAAAK5SURBVBgZBcFPaJZ1HADwz+95n3e6uTnREGdljRKtGCYiHTLxkIUmQeeCOnXzVnQIoi5BQV08TMo6GIiHiKI6ZEWgszzEmtpqSDP7s9ycm9NN977vnuf37fNJEWH/G6df6l676vki2YXVSCAhEpFVOU8uzMX36daNV88MH+oApIhw8O2zZz45vOuhokjrgoYAIALC7NKKEz8vmP67fee3XyfWjwwfakMJRSNt6yob68avaRQpkYhMHVlVheWV2r6tffYPjNi4eLyncWCodf7jI1Jr6sUSUkq9EdHoajQkIZALZOpEIWlPf27r4jndQy/oH9xp4c9tJk4de7eEIEGBlAgJREqKRP/yKXVcsH7r4+Ynf9eVOvrWbtK7YUt/CRBB2SBJIiW5Doqkd3nEllWj+gef1r56UldP8tfYhJt3UhTtuR0FRBAoU6FISYFGkaxePG1LfKv/gYNa/30oNW9o9vbpzvOOXj+wsvvwZ5cKCGSkRJGSIiWtK19af/uU/gef1ZoaVjRXdG7db+bMed173zJVD2QoIFdEkBG4fflrPYs/2vjIMzrTxzS6QvvWfWZGRs3tGZY2bFdnoICcQ0QQTI+e1L3wk5W82dWLR2Qtt+fvNnNuwuLeo1LvgNXNpK4CFFBn6iAysxc/8vCel636Z8SlL84a+2be+Hdjlh57R9WzWaDZKFSdCpSQq5AjvPlLx9DkrM74VwZ3POHm7JzJsUk/7PvU9Sv3yipwYlPTSjuDEqqqVtcMrG0a/+Oa9z8Ytnv7oOXNOyw9edyjffeIIIIL1yqRw0qrAiVU7ZyrnKNTS+te/9flFCYlkJdIS5UcRJEUOSnLlKs6V1DCSqueWdPVuOu1oc6aiCgEGdDfXYIIuptJSnKzkRbrKk9BCSnFe0+9cvq5lNLOED0AgkAIIEAr5zxaFk7A/5IUWNTkV3l/AAAAAElFTkSuQmCC"
01JH1Y5BXJXS0F85ER45Q7XSW8,nY6_hpKxI<nn,Jayne,Wozencroft,1980-09-06,945-806-0227,jwozencroftb@nytimes.com,12 Forster Plaza,2,"data:image/png;base64,iVBORw0KGgoAAAANSUhEUgAAABAAAAAQCAYAAAAf8/9hAAAABGdBTUEAAK/INwWK6QAAABl0RVh0U29mdHdhcmUAQWRvYmUgSW1hZ2VSZWFkeXHJZTwAAADMSURBVDjLY/z//z8DJYCJgUKAYUBE+440IHYh1gAWLGIzgXgPFINBVFTU/1+/fjH8/v2bAUSD8N69exlBcozIYQCyHUgZAzGIdl1R6bGHVBeEAjW5Qr1QDnOFj4/Pf5jNMHzmzBlUFwA1hQIpkMZ7QKxErCtYoJqVoDaGATXcg/JBBnQAsYmdnR2GC27duoUZBuQAeBhERkZi2IKOYbEAop8/f05lF3h7e/8nZDsy/vz5M5VdYGtr+//nz59Y/QvDf/78QcbUcQHFuREAOJ3Rs6CmnfsAAAAASUVORK5CYII="
01JH1Y5BXMM8C9Q5FDW6AM4X22,"rY5""d5jPbv%d",Helli,Eschalette,2005-03-17,250-360-4170,heschalettec@studiopress.com,9764 Bellgrove Alley,2,"data:image/png;base64,iVBORw0KGgoAAAANSUhEUgAAABAAAAAQCAYAAAAf8/9hAAAABGdBTUEAAK/INwWK6QAAABl0RVh0U29mdHdhcmUAQWRvYmUgSW1hZ2VSZWFkeXHJZTwAAAIxSURBVDjLpdNdSFNhGAdwKSNyg6ALC8GLoE8so49VRHVRFFQISlJeREXQBxWSSZDUpNrOTDoxSGvhmokV1TazLeekTBda9rVKmW5lYq6slgutOI7j1vn3vKc4rCAv3MXDgfPy/73Pc3hOEoCkROq/B6v2GdIWHLnhmK1v7ZtZ3PIuo9DmOr17iaUkLx1Ud6g2jgqo+JCU4x7Bs5AEe4+EhbYYMsv9iEYGcU+/VEZkYNkew7iJnHBrgl4YSeYEJJcIGF8qoKw9Bv8g8GkY8IaBthDgqatCsNGAq4czGbBLBhbv5VWT+EiL2Q9cfg2YA0DDe+AxBeqDQPvX3+/PdwKmfA0+PDDCuGM6A9JkYP5Byyy1SexgQM5dIJvqpJdCb4DWz8BDKguhhzxDor1Ig+7afBaG8hFnFDiyp1ZFgxa6JbcR2NoEnCLg2ltqfQBwUzcVhJc1+4c8/Br0urV/A9OKvJyxQ/qmfQ5so/D2ZoB7CVh7gN4fwP1+wEWjGK/XoKt6C9rOrWeATwHUugEn3RBjrW9oAI4TdJPCno80RlfsZ27d9+Eslxitcdpk4HbxCgboFEB1JvKk3CfhSjdQTXM7+yRorCLUZ8PSposvvMZX0bydtf2Vi9JT4avcjIr9GQxYrQBzC2zmVG2nkGIISyncF2mKLiDOKbQ+it8JCqy9dGCe3EH8/KMu0j9AqePEyoSAwFNTVkKAHG7i1ykrPCbAfmw5A46OBbjw5y9kz8nxZ78A90vOcDVd+i0AAAAASUVORK5CYII="
01JH1Y5BXNZVJ53TFEMWJFMMKZ,gR5+twqhq.o,Isabella,Sedgemore,1996-11-29,935-209-7549,isedgemored@linkedin.com,73366 Division Alley,2,"data:image/png;base64,iVBORw0KGgoAAAANSUhEUgAAABAAAAAQCAQAAAC1+jfqAAAABGdBTUEAAK/INwWK6QAAABl0RVh0U29mdHdhcmUAQWRvYmUgSW1hZ2VSZWFkeXHJZTwAAAFDSURBVCjPfdBLSkIBFIfxM3Aj7sCho9yKi3AJdwUiYk/LTMyyuohZYmKZkD0uptUlDSt8BWVmPuB2ka+BYdog/sPvNzgcQf6fIDlL1nHiygTS+VQzaRwaiWY8Hwuorh3HtgURJKtcUkJHR+cOHZ1bNHLsE1EQQY7p06RMEY0LLtAoUaZFhzCIIBnjkR4fdHinzQvPPFCjh0bIQARJz6XMMj06vNLkkXuqfKKxYa7PIYIgSfuBqdOjxQNFbulO8g9A4vaYeUOXa7SZPAGIat81C7zR5WoqTwEkat8afdFnY/SbZwCyGS1zTiD455PjbVnDztBllVNWcyvOJesM2LZF8ntkSFAngUoMP7681zYBkfYNBgMaNKjzwgCDIzytCQgrKmdUqDFkyBMF9lnArUzdELStKf7scmWReXxVb9ajuG3j8g3ex2UlnmJ3nQAAAABJRU5ErkJggg=="
01JH1Y5BXPRTJ23MW9P8TRTJZB,oG5#$lXk|,Bathsheba,Pennetti,2000-05-23,169-824-3887,bpennettie@networkadvertising.org,5 Dakota Hill,1,"data:image/png;base64,iVBORw0KGgoAAAANSUhEUgAAABAAAAAQCAYAAAAf8/9hAAAABGdBTUEAAK/INwWK6QAAABl0RVh0U29mdHdhcmUAQWRvYmUgSW1hZ2VSZWFkeXHJZTwAAAIhSURBVDjLlZPrThNRFIWJicmJz6BWiYbIkYDEG0JbBiitDQgm0PuFXqSAtKXtpE2hNuoPTXwSnwtExd6w0pl2OtPlrphKLSXhx07OZM769qy19wwAGLhM1ddC184+d18QMzoq3lfsD3LZ7Y3XbE5DL6Atzuyilc5Ciyd7IHVfgNcDYTQ2tvDr5crn6uLSvX+Av2Lk36FFpSVENDe3OxDZu8apO5rROJDLo30+Nlvj5RnTlVNAKs1aCVFr7b4BPn6Cls21AWgEQlz2+Dl1h7IdA+i97A/geP65WhbmrnZZ0GIJpr6OqZqYAd5/gJpKox4Mg7pD2YoC2b0/54rJQuJZdm6Izcgma4TW1WZ0h+y8BfbyJMwBmSxkjw+VObNanp5h/adwGhaTXF4NWbLj9gEONyCmUZmd10pGgf1/vwcgOT3tUQE0DdicwIod2EmSbwsKE1P8QoDkcHPJ5YESjgBJkYQpIEZ2KEB51Y6y3ojvY+P8XEDN7uKS0w0ltA7QGCWHCxSWWpwyaCeLy0BkA7UXyyg8fIzDoWHeBaDN4tQdSvAVdU1Aok+nsNTipIEVnkywo/FHatVkBoIhnFisOBoZxcGtQd4B0GYJNZsDSiAEadUBCkstPtN3Avs2Msa+Dt9XfxoFSNYF/Bh9gP0bOqHLAm2WUF1YQskwrVFYPWkf3h1iXwbvqGfFPSGW9Eah8HSS9fuZDnS32f71m8KFY7xs/QZyu6TH2+2+FAAAAABJRU5ErkJggg=="
01JH1Y5BXQAT9GQZ89KM5439MR,wS2(wA&}LF1M,Cherise,Airs,1981-06-10,516-926-3188,cairsf@businesswire.com,592 Twin Pines Crossing,2,"data:image/png;base64,iVBORw0KGgoAAAANSUhEUgAAABAAAAAQCAQAAAC1+jfqAAAABGdBTUEAAK/INwWK6QAAABl0RVh0U29mdHdhcmUAQWRvYmUgSW1hZ2VSZWFkeXHJZTwAAADsSURBVCjPpZE9SgRBEIW/XnvWwB+ExUAXBDNvsTCTeAtP4AkEz+MNnGSHuYHBRgObCAaCmAiCU93VZdC9g5HJVlBJvfe+osoZ/9eMfQUeYFhrrUQCgYAgCCPS3TXgjGE178+RyZO3quh5be47D/HxjHcOAStD441Trhke6NxmNe8XfJXgiOE4oOKEI1q2jXtZX9SGYCXcpl7xyVPnhW8+GDESSsJIJBTDc4zgpQZB2eCYFa+RuEJZIrUfiUQUxZEKZpcRCPgRRUnckEjYH4yRsmCBTsHZvwNdEvE/7fOtMObbIUi5Z8Za6/b+5i8QHogENhlMkQAAAABJRU5ErkJggg=="
01JH1Y5BXSR6FQ0PM6SEAWM9VR,vR4.rVa3U'JeVVv,Kerwinn,Gouldie,2005-05-11,194-565-3157,kgouldieg@ow.ly,68067 Lighthouse Bay Parkway,1,"data:image/png;base64,iVBORw0KGgoAAAANSUhEUgAAABAAAAAQCAYAAAAf8/9hAAAABGdBTUEAAK/INwWK6QAAABl0RVh0U29mdHdhcmUAQWRvYmUgSW1hZ2VSZWFkeXHJZTwAAAKsSURBVDjLhZJfSFNxFMcHPUUP0aP0EoSEVEaY5QixFzMTRtLDCH1QqIbEKBCzTEyxPwotsbLUETSHmTUTm86mrk03N9eW253Oua2pW8OcS6Z3d7uzWd/uZi0qaQfOww/O93N+53wPCwDr7yyoJ0oqRG61oM9P3u3xkUUCQp3C7SnZqnZLsUDqXzK6wpjxrGPKHcHYDAVei3NpW86TkqSAcqZzTOz8vI4PLhp6ZxjmBRpycxAZZXJ1UkBjr4+c9myKJxw0NLYQlNMUxmcpFDZayaSAum4fScxHMGEPQx0XhzBMUBhlxsivI5IDCutNaqU1CNM8jRELhUFTrHsIL3Wr2J7XmXyEnQVdNUUCKz06E4LUSOK1fg1ygpmfPxpl7eI3/xdwmK/j8oUum/jtHERDC2iQeHHrhQePemfR2mNBToV6hZVyu2ZLwH6e4tClNqdVwyzL5o3AOEfD8DEMLfN96ZtevOuqhk7WAKXkJoRVJ+1VnPTcPwDZFTqhbHINVg/N+B6C0RUD0Bjol8KqbYduahEq8wqGDH7I9XY8rT0VOp994EQCUNpkd4zbg1BaSIxZKbxnuusdYfQ/vYIxsxerwa+4U1mNWCwGIuge1OAa56AqAeAL3bTBEYJ42AcV47uOsTG2fZnoKmSG5bjwFyC6sYEOlRvNl9mrCQCvxRXR2kPoVCxDYQlu3sAUhVcPStGtWcT3n4BYfmMeDwdmcY+XGUgAcq+bXGKlH31afxygYm5BbiZxv/wcOmUqfApE45BYzH+J4nHHM5SxUxW/7Tgmzd/B1beWNdsxwgjHbRSzTBIdXQo08dkQSSR4PkRAPDCJdlEbqjhpgTOZaex/Dmk3d3gpg2/w5t0gAjmVRDT1gi6653Rr8OzxPLq2+OhGfXF64GLWXjnnyL6sWP0PKd/8SStdk8YAAAAASUVORK5CYII="
01JH1Y5BXV02K4S27MQ6K4N38Z,"vT3""f'stCo\6={7S",Claudette,Rudyard,1992-07-31,863-234-9359,crudyardh@discuz.net,29957 Heffernan Crossing,1,"data:image/png;base64,iVBORw0KGgoAAAANSUhEUgAAABAAAAAQCAYAAAAf8/9hAAAABGdBTUEAAK/INwWK6QAAABl0RVh0U29mdHdhcmUAQWRvYmUgSW1hZ2VSZWFkeXHJZTwAAAI9SURBVDjLpVNLSJRhFD2f/+QThVHKJ41Ti0pblCAKrtJQ7LGT0E21CUEisFUtioIeIEGLICkwahUtooW4aAQTcahNBWE1gWOY4yQIio8c5/vuo8X8jYuCBO/mfmdxD+ee+x2jqthJ5WCHFYg97U8wc7UIg5nA7EDkQGSz3TkLIhs5dWu84y8CZq7e09IJVYayQIUgwlAmKDsIE5QJH4aftP9TAZGDCCG9koQyQchB2GU6WQhZ5JVU4lHxAAZvvlEmBhMzOeqbvHfycYDIorzu9H935fExXO9pAIsisbjuPXj5/i6ADMG1kRnEkmtgKyDLYMugNGfxwaoikCNYUtSHgjgaDuL+83elABBwLo3e3ZPYyJn1JTuwL/0PLiwL4UKiESUFBrMLyzhQE4SzDlkCcRZsU/6gyw4K2YyR5OCsgyPBl8Q6Upa3CKzdBJNFbnF5xnHynRfyL8BQcji29hru9lWEk3HY0gq0ppsAnIM5c/yIqgpEBKoC9buoZrAqmosFnfWVqGvrQl64HqlPEUxNjGLl29dLOS9GP5qppPse3N+MqsOtiC2aVKihEyW1TZheyh0bjsZNI8/NHGrrQn58HOZZDwpnXmFfbRnUaH/Av9LZaDQ6ACAFYCgSiVz0330A4IkJ51eEgROXtz7QjUp4YmrNdsIUaQ/MtXSfryn6MYJ0agEbANZWPcTimN9WmApLy4c+v52gn5sFWPV2YXnJYHresAIPzXbjHO3ee+XXUrLXYxNiT+cVGOyI0J3frMiI4RHtXVwAAAAASUVORK5CYII="
01JH1Y5BXWV1WWDVAFJBMNWC4Z,tJ9$N5@g,Roosevelt,Hincks,1999-04-30,182-585-4077,rhincksi@zdnet.com,3 Pawling Trail,1,"data:image/png;base64,iVBORw0KGgoAAAANSUhEUgAAABAAAAAQCAYAAAAf8/9hAAAABGdBTUEAAK/INwWK6QAAABl0RVh0U29mdHdhcmUAQWRvYmUgSW1hZ2VSZWFkeXHJZTwAAAC4SURBVDjL7dK/CkFhHMbx5zrOlbgE5Q4MBgulhIn86Wc4os7AbjEaLThhQekYbC/JYMBIp3jrcNLjBgxHshme9VNPfUES3wx/4D1ggYYFSgO+MqGV4CwFHIxPAJnLk3vb56734KjsMouNBAbquKv90Oei4nGc1nRamkksVWCgCletux4nGc1B4sZp7coYxsGBIk5ily50mpoz88pe/sgIOsEv5LA1UlhJHDMVRV+F0ZYQTONf4o+AF+Us6n1474tIAAAAAElFTkSuQmCC"
01JH1Y5BXX9Y5SGP6QRCX9GDYR,tJ8|GpcRh)R,Kathye,Stranks,1984-01-20,700-857-1677,kstranksj@shareasale.com,46585 Main Drive,1,"data:image/png;base64,iVBORw0KGgoAAAANSUhEUgAAABAAAAAQCAYAAAAf8/9hAAAABGdBTUEAAK/INwWK6QAAABl0RVh0U29mdHdhcmUAQWRvYmUgSW1hZ2VSZWFkeXHJZTwAAAGOSURBVDjLlZPNapNBFIafSdOvtbFgSi1dREEtguDSnTfStbgW9A6y9BICinfkRosRFw1mE5BoS4rNzPlzEfOrYjJwOGfzPvO+h5kUEWx6zt6+eO1ur8x0VN9E+Ondyy/udlLdPua8d8ZBrdIZoN1uh7szLTOb9WePgxpOdXjMzXsnuDlx/gGRzAxgZrRaLQBSSks94iPNJ0+BRL4aYpKJcER0GbAqns5mhptRRgNMC1Aj3P50sChanFULboJpwbUAiXCnlPEcoKr/BJgWQhWXMnEQE4DKmNrfHKyW/L7ZJBNyzVGzR4RSSp4DFh2sOhEpmCpWMo0bPzi4NWR76xqR/0SYA8a4ZkwyF9+3cD0kl8HyEqeA1fwpJUrJuAouGRNhmOvgjkhZD6AynuxABdNMSnXcHdU1AUXyRCwZl0JKTsQGAJFJhL3mHVwFzT8hBpgpqdPpRLfbpd/vL73/xX56v0djf5+d3QbV7h7b1Q6jqwu+fn7/La3znd88v3tkpg/M5JGZPnS3Vq1enZrky19GcE/tIr8QhwAAAABJRU5ErkJggg=="
01JH1Y5BXYJFJHDB1MHXWS0N8S,gR5'UP)mj2P=~f,Darice,Devonside,1996-11-10,449-640-5604,ddevonsidek@macromedia.com,8 Hanover Alley,2,"data:image/png;base64,iVBORw0KGgoAAAANSUhEUgAAABAAAAAQCAYAAAAf8/9hAAAABGdBTUEAAK/INwWK6QAAABl0RVh0U29mdHdhcmUAQWRvYmUgSW1hZ2VSZWFkeXHJZTwAAAJeSURBVDjLzVNbSJNRHBd660Go597qJQrEl4qgCIoopyk0ZstN0G22EZu1dAuEbA/Otb0Iu+jciinsaUiI7uJgF4cojkIdXtYG0TbYFuk86Ly0+e3X+QY9CCZEL33we/nOOb//+V1ODYCaf0HN/0FQed3TRrFFQVgwvUrCKLvJkfw5KcuekZJYRH62t5PDJ3xy8JhL9hubN4v3HwqqBPQAj6KIGR8wPw+srADJJLC+DiYcwqbTicL4OHYcDmxbR5EZGkLmTT92b98t7ty41cwSfMJ7GzA1BbhcwNoasLwMTEyA6e1FRipFVixGQSTCD4EAn5uaENfpkOx+CVJ/PcMS1FVUymjlnRag05BKofrNzoLhcpHlcPC9oQF+txvT09PYGBjAV3EXSN213Pblel7VA6r3HNXrYd72A5OTQC4HLC3hm8GAgNeLTEcHwuEwgsEgYj0qfBy1lV1mi+tYCmVpV22ps9N9pFYDCwvA6ir8fj8SiQRCoRC1ZB3xeBw+n48urUJHZWi12rPHIjlsE9Qe8FrdJZW6SrAxPIxYLEatcUGj0UCv11dlRKNRGI3GDyf2YP9RS+3eA47/98Z8Ps9OAtV7ULh0tcViseyl02l4PB4MDg6eXI7dO/cuOKmhXqo/RU212+3YuniFx66ZzWayRpOyWq2QSCR/btgX3tObsy9eZRcXFxEIBDAyMrJnMpmIm6YRiUQgl8vtlOD8qTV10PKwBOxtWDnswbGxMczNzbEEUCgUZ04loBptMpkMfX19jeO0jQYaK53aKhQKGT6fP/NXj0mpVEIgYOt//P8vZQLgm35VBV4AAAAASUVORK5CYII="
01JH1Y5BXZ4QTYC54608DAD2AS,uR1&NU9jh}9,Chrissie,Sinnocke,1987-03-29,303-817-1756,csinnockel@360.cn,616 Goodland Alley,1,"data:image/png;base64,iVBORw0KGgoAAAANSUhEUgAAABAAAAAQCAYAAAAf8/9hAAAABGdBTUEAAK/INwWK6QAAABl0RVh0U29mdHdhcmUAQWRvYmUgSW1hZ2VSZWFkeXHJZTwAAAJwSURBVDjLfVJdaJJRGH4+dXyagylpDj8rhwuRfoXqqogCL2w3u+4i2EUEw5vY7UAUuvGq6xgUgUUULDJKcFHeSA2a1cXCbWjIgmVT0f36/fae0yS3sAMv7/nO+zzP957nPYJhGOiu2NsJ43ooioVGAZqhQ9O1vdCh6iouuC7hwYtHyN55L3Q5FvQsVVGhG3/AjKjq+l7+G7Ks9lJg2idARdaQohFQU+HWJITly7RXoGp7tY7SX0AhARGHIJqsJKJiRA4hYAnBrgxBNNtgMwYJ83+B5OL3bzgqjsIBF4bkw3A6nTiunMCINYiFL585pq/A4xuz8fziu2RttYGQEcawZxgOhwNHtiT8XK7jzcfXyU+pr/FejsCmUCwWbaqqBinMiqLg+fKT21e9kVtng+c4aG1tDc8+PM2cGjqTYHVZlkH519TUVJULzM/Prw4MDEgamUciPFjrJpMJnU4HFosFtVoN6+vrjMjr7XYbjUbjJh8jHU7u7OykJUkaZC23Wi1sb2/zYD9gwh6PB4FAAKIosh+iUqm8JN6s0H1IuVxulA5eeb3eoNVqxcbGBieyOgt2ptO7yGazGuHiiUTi7j4TI5HICt3t/NLS0ixr02w2cwILJkBXZOQGYaJd8j9TGB8f3yRArl6vcwHmAcuCIHAR8mMzmUzm+o6RLQKNuVwu3rLdbsfu7i43lO0pHyPnT/cVmJmZsVEH13w+H6rVKjKZzEo+n39YKBTQbDbh9/uZ4WN9BYh8xe122+iuzOn79B2Ox+MTpVIpmk6nfzA/DgpYDrQvlcvlChEnp6ens93zVCqVjcViJ+fm5u7RG7jYy/kNO+KHFL4q4agAAAAASUVORK5CYII="
01JH1Y5BY06T99BMYJ24TDJQC1,rE6|TG|RN9DPG7\m,Fanya,Alu,1983-11-17,893-782-4939,falum@msn.com,1 Hoffman Road,1,"data:image/png;base64,iVBORw0KGgoAAAANSUhEUgAAABAAAAAQCAYAAAAf8/9hAAAABGdBTUEAAK/INwWK6QAAABl0RVh0U29mdHdhcmUAQWRvYmUgSW1hZ2VSZWFkeXHJZTwAAAKTSURBVDjLlZJNSNNhHMfXpUtGBJGXbgV1sIOX/0WMXugQ4aGDnYJCUtYfxM2XueXmGrgX39Jtyl7VmdvAveAmCXMo/uc2zTXL3GBjgSl66yQMQnz59jzPQVpOosOPB37P7/v9/Z7P8xMBEJWL2v6rF55FKlDruZ4+r4bGuRdvFm8djyRfQ7/0EtWWK8J/GWiEGkx8kmAxH0Do2wRkH+txt/+yi95NTU1hfHwcdrsdo6OjL0TJZBI04vE4BEHAe+Expj8rESvMwL9ugjPxDt6UGbz/Kar1laz28PAQe3t7GB4ezooSiQSOjo5wcHDAwrhUD120DhaBRyTrRnDdDt73APdGrqFKe+l4f38f+XweQ0NDP/r6+njR8vIyS+zu7mJ1dRU7OzugOUW4hhh8wMxXG55YK1lNIBBANpuF3+9Hb2/vo1MGCwsLWFlZwdzcHBeLxRAMBrm3wfuIZFwIfbGhznrjmIpNJhPn8XjY+3t6eu6cGkQiEWxubjIGW1tbiEajkAceQjpdg1euKjx33GSd3W43NjY2aHd0d3dXlPxCKBRCsVjE/Pw8CGludnaWduLouAQWR8V6vZ5zOp1UjDPfSAqVqVQKhUIBVJzL5eDz+ZDJZKgh6+xwOJBOpyGXy0/K7sHk5CTGxsZgtVphNpspaRDS0Gq10Gg0UKvVCIfDaG9vP/nnJpaLzs7Oi21tbWhpaflZYuByuW6T8WwWi4WSxuDgIAwGAyXNunZ1dUEmk6G1tZW9nef5YokBgaWkp9FolAwMDGwTseTv7lKpVNLc3LxNxJKmpqZfJQZkp5WENFuUtbU1eL1eRlqhUKCjowNEDJvNxtaY1KKhoeF7WQY6nY7BUqlUZyYQi8WSxsZGKsaf+d8YX83UE3LzXQAAAABJRU5ErkJggg=="
01JH1Y5BY2XHAV2TTQAQ9PP4CW,sD0=KI!K,Sharia,Weekes,1994-06-05,401-422-9607,sweekesn@abc.net.au,35 Ohio Pass,1,"data:image/png;base64,iVBORw0KGgoAAAANSUhEUgAAABAAAAAQCAYAAAAf8/9hAAAABGdBTUEAAK/INwWK6QAAABl0RVh0U29mdHdhcmUAQWRvYmUgSW1hZ2VSZWFkeXHJZTwAAAEwSURBVDjLpZMxSkNBFEXPD2IhVmKlS8gGXIBdsHQRkt5dWGYfFmYXtsHaQkTQRlDIzHv3WsyPIfiDSh4MU8zlzJ375nW22aX2fhPc3D1v3JA21xcn3Z8BAKdH+9hgm8fXMuzg9v7TBpRgwIbLs4MOQDYSWCarhgEpOD4cIcCCl/cmzDRKkEzKlNgCsCHddhlWugiRaVIiE+oyhwGRNJs9IHtdTTeITOZPByOA6XRq9Q5C6zWZTFyLqSFqiAhRqhiPx94AzGazbuWgLaMU8/m8KyWJFFlFDVOLWCwWP9sYakHKbhn0Tyghovr7CXVbiJki1a0z6E3WZbMvNU0t3hKi4ektyb4jqx9eQkQay62V3gK4Oj/shn5hrUmGkVcQ/W8WIszD4weyBs+7XadxxI71BUieEw+8ru7iAAAAAElFTkSuQmCC"
01JH1Y5BY3Y1YVC5FPAJ7DHQBJ,vC4&<e4C<sT1i1VE,Hymie,Campsall,1987-11-05,508-530-4758,hcampsallo@washingtonpost.com,7 Crest Line Street,2,"data:image/png;base64,iVBORw0KGgoAAAANSUhEUgAAABAAAAAQCAYAAAAf8/9hAAAABGdBTUEAAK/INwWK6QAAABl0RVh0U29mdHdhcmUAQWRvYmUgSW1hZ2VSZWFkeXHJZTwAAAK4SURBVDjLjZPrT1JhHMfPq/NH+K6ty2bhJcswzUa2hTMaEmCsZmWuUU0HQuAVEWHMgCnLy2yOhiOKIs0L08ByXgab1TTRNlO7ULwylTOZ9iL9djiVrdLmi++bZ7/P5znP93kOAYDYKt1F+0k6cR4ZK86jSCS3m9sW7pGxwh5FwlqfOmnNW34w7NUcInck6Ck+QNJgZNjExYTzOl67iuG/nQuf7kjEp2eT/xV45AlknyopMmLJweRDGR05Jt1KBDvLMdoiRp8uLeKpTiO3FHiUiWR/WTI12sBD8JEC/kYBvLXpeGrIwHCTGOPuKgxYRXCXsan7ilTyD0G/Opn0lqdQfisfwccq+JuEGKjjYHpqkklvLQc+iwiBe2p06/mwSVOo5kvJjISgCyLpgij/bQGCHWX0p4rgNZ7AyxdjWFxcxPLyMuZmZ+BUHUOHlodnd26g/eYpmIQsSn86niR81akBf9PZn+fMo+EsTIy/wtLSEgP/yuzbGbQUsnFXdhJd5gtoLMxAOWdvgKCb5Xr1aevDzXno0WZufHg3t7nz3/n08T1qclhouHgUZZl71ulwfxRYncZ9omGPWOstG6urq8ywUqmESqWCWq1GaWkpsxaNRmEx3YKaEz8Vg/+5RpPJtEJRFDMcA1tbW9HW1obKyspNQUwqkUj2bfkODAbDSiQSYYYrKipgs9lgt9tRU1OzKZDL5RAKhb8FRc8vJxR0nTsvtvMGxBb+N8dQO2ISjUYDh8MBp9MJWsysPXhjR0GnBGIbbzrbytGmaw/zCRr+LOu9iqrBEhT1FqDAmo9wOAydTgeXywW32426ujqEQiFoBlSoH9NDO6REvkOERFl8lKB3HqRtIdoWOC5Lp3jXchakUum80WhkQLoXmM1mCASC+dySMwvZtVlf0zWpYzT8ZfeVXYPEdr/pTvMdjX2sh+52/VQAAAAASUVORK5CYII="
01JH1Y5BY59EWC889YWJAE75JX,iM0(&`N$T8yxL$K,Xaviera,Dufer,1995-05-26,581-875-0589,xduferp@feedburner.com,349 Butternut Terrace,2,"data:image/png;base64,iVBORw0KGgoAAAANSUhEUgAAABAAAAAQCAYAAAAf8/9hAAAABGdBTUEAAK/INwWK6QAAABl0RVh0U29mdHdhcmUAQWRvYmUgSW1hZ2VSZWFkeXHJZTwAAAGkSURBVDjLrZJPKINhHMd3UsrJTcpBDi6UC+3ookQ5OOBAaCh2cFQ40GqTzURTihI54DRp8dqBg3BQw5BtNmxe/4flT9re5+v3vJvF2l6Kp749Pe/7fj7P7/09jwqA6i9R/ZugVr+cSZmlvFOgEIGSl0xgnVt3IRyRoDSWtn1c4qakxQW0yKBEJMbw+MpwHWIQnxgCDwxnQQbvHYP7RoLnJirvntrkkuKvghytZU1+eUWg+MjgJ/j0nuEkBh9dSTgQo4KB+R0uqEgquCD4PBiDbxlc11HYSfBuILUg/gu8fB/t6rmVcEzw4aWEfYIdAS6IyILe6S0uUCdtIpd8Hbwah1+SxQlNTE91jJHPI5tcPoiLrBsL6BxrQOtQFep0pc/lXYU9P14kkngugy/onxlF30ITlpwWOEQB5tV21JgLUNKRZVSCTeM2J6/kuV5fFrbuD8N6OCJXY7S3wGxv44K3VHAuxUvR8HVldxFszolvvVncs3DB7+67Wpv9Nig0Qy80yrB+pVG5gsTQh7pqYz5Mgkbemc98rdiDJBIDJcTLjs0G/vwDCw/6dFwBuzsAAAAASUVORK5CYII="
01JH1Y5BY6AQJ8JTD16YZ8N03C,tK9*2dW)_i$,Camille,Gilhool,1992-07-07,907-767-9295,cgilhoolq@netvibes.com,66455 Carberry Park,2,"data:image/png;base64,iVBORw0KGgoAAAANSUhEUgAAABAAAAAQCAYAAAAf8/9hAAAABGdBTUEAAK/INwWK6QAAABl0RVh0U29mdHdhcmUAQWRvYmUgSW1hZ2VSZWFkeXHJZTwAAAFSSURBVDjLzdPPS8JwAAVw6Z/o0J/TqUOHKA/RIfDSP5CHyIi5DRWatrWGsh8o4kAkJoNBYJiBaebJb8xDZSbK0DQMIkKoXn+BpYTQ4V0/h8d7LgCuv8Q1c0DTNI+qql1ZlkexWEyYCtA0bUFRlE6r1QIhBJIkZaYCZFlesywLjuNAFMWhIAhGJBLROY47nAiIRqNu0zRRr9fB8/xtOBx+KxQKCIVCn78CkiTNiaJ4Wa1WQQhBpVIBIQSlUgksy3Z/BPhsm+IyjVHSKMK2beRyOei6jng8DoZhOn6/3zMW4Iy2N5B+/MqW+/AlGjhOnSEYDBosy27SNO2mKGp+bIl0qundTTRH2fIA1vUzkvkePJz9MfEOvGrj/aTYh3k1QPriCb7EA1Zp+2BiYOvobqicOkid97At32N5/4aZaonrAXtjhbZflvZqr4s7tcD/+MLMgW9PPe6C6jWXgQAAAABJRU5ErkJggg=="
01JH1Y5BY76NHZK8JTGKGF6NCB,mZ3%?ULM=H$,Starla,Thaine,2002-08-08,973-385-8170,sthainer@typepad.com,402 Hansons Point,2,"data:image/png;base64,iVBORw0KGgoAAAANSUhEUgAAABAAAAAQCAYAAAAf8/9hAAAABGdBTUEAAK/INwWK6QAAABl0RVh0U29mdHdhcmUAQWRvYmUgSW1hZ2VSZWFkeXHJZTwAAAKFSURBVBgZBcHLi1V1HADwz+/cc1/j2Az4qiYjhQoXIg5lr11tWgi5aWWLwB64FMJdu5Ya/QVFbkKiNrVKMAmipLI2UZJMZcmMM+k8LnPnnnPP+X37fNLHX9y4mHM6Pa7zoGoAABAAQLdk0PXRG6cWz0GZI7128oWD+waDQUqpAwAAACaZtpn6/Oqt13EOynGV+/3+IF26tm7inlG66dCBVcPupiay+1tDv96aMxNHlPZ459VD2pwSQFk3FEVHkaiLFYf2rur3/rZZjTRto+z3HT74kD+Xdpnv7ZUzAFBCRlEkVazpdddt7Gyq2om6aTSxrd/v266G9gwLIRAASsgoUhJNVrVTk6ayM63UudFmpKnIrbJIIgIAlBBBkZKBfUbby6LTtfzbebv7jOtGOdszk3es/Dfy/qd/yNGZO3Phelz9+c4zJURQFMlsZ8GdlbvmBst2xhMvnnjSK4uzvvz+X++ePgIALl1bk3O6XgQiKIpktrvfw8Pj1n9ZN66m7o8acOXHuwAmDVsVaxu1lLISIrh57y1tztqcPVGtWe4lnWDaZhfPLso5BDrCTElVVba2a2VESHh58RyAztENP3xVmFRT713+S5Fo2iy3WSAiCGa6WZlAAIB2OK/JoWobnaKLkLRSSiKHiKxppuq6UQ66aVOezh078CwpCRBG4590U+nsyd2aXKMgiJQNyp4Ln9x2b2tb2SvT5c++XnqubuNoBABtjrmOrmzHhzfetnfmUUlhbfyPN5/+QGFgXNXKM6eOnwcAgG9ufhePPciB2ZGXjp0w31ugYGOyYP+uxkyPMiUpIgAAwFNnr3z7+CPD5+f78wblA5o8lXKWopXT2O+3l6xuTf0PNZJB+2NWN98AAAAASUVORK5CYII="
01JH1Y5BY8PCDVT7Q9W6CDKSYR,mC1|sr50dq=iOUV,Alano,Paulson,2000-12-26,429-745-4493,apaulsons@army.mil,57 Butternut Alley,2,"data:image/png;base64,iVBORw0KGgoAAAANSUhEUgAAABAAAAAQCAYAAAAf8/9hAAAABGdBTUEAAK/INwWK6QAAABl0RVh0U29mdHdhcmUAQWRvYmUgSW1hZ2VSZWFkeXHJZTwAAAFlSURBVBgZpcGxTpNhGIbh+20+DUkTRhkcNLBIOmG6+Q+egg4cgWExhDi5sDm5SErCoB4BDB4KjnVTBpooCTKUOvx9n4d+ISQOQNL0usI2i4hX7w7fNi/7H88n7tqAhCVSiWVk4Uxk40xSYvlhezkcnr7/9mnzoPRf9PcfLHU7K0vMo3s5yX3goExadybnY+b1r3WHmeI0u68fM6/twQlVsYVtTGUwEMH342Pu8nxjg1RSFWwyk63BL2583XlK1TQNtxmPx2iaVCWVyObz9hMIgwPZ3EcSSlEVyyhFBFjMGML0ej0uLv5i858ATABSUhUpkRJzLZgxDH8Mucuz9XUkUZVp25KZ7Hz5zY3B1gpV0zTc5uzsD9N2SlWcQhJ7bx4BppLEfTKFJaoiCcmACMBcW11dYzQaAQFhgsCGCIMD2VTl9OfJ0YfDdlOZKEVmIolsWyQhGytxGllYQqI6YiZss4gOC7oC3Q3wOtNMt7AAAAAASUVORK5CYII="
01JH1Y5BYAZWRYTG4SNJXXAJEP,lR4}=gsl,Ardelis,Neaverson,1980-08-04,107-497-4821,aneaversont@flavors.me,53 Kings Street,1,"data:image/png;base64,iVBORw0KGgoAAAANSUhEUgAAABAAAAAQCAYAAAAf8/9hAAAABGdBTUEAAK/INwWK6QAAABl0RVh0U29mdHdhcmUAQWRvYmUgSW1hZ2VSZWFkeXHJZTwAAAJ0SURBVDjLlZPdT9JRGMe5qFu2Lrt1a63LWv9ATRdN5xvLsnLRipzZpIVpigjyIs3XAOUHgopoWkggP5QXSRJwJQmtm/IlAWtt3XXTfubS+nZ+P1eby6ldPGdn5+zzfb7Pc57DA8DbL9rjrYxuVsXf7W5fuC2mYawpE7QRJZpDDfz/EngYVTN9qR4EPvlgXjCiKVCPWvou/0ACxDJjSbIwDefqMPxrEzC87IDUW4Pq8Vv8PQVaX7Qw5qQRgY9ePP0wDMeSFfWTUkxmPeiI61DlFOP6SAV/VwFtRMFQCwb4CdwW10IbVcK+aMHgohmPlwdBZ11oCctx1X5p/R8B9Uzzuum1ntj1Iv1tGRtb3zH2dgSa2eZtOOOCMizD5cGyzR0lGBNdx1TP5T96E4+4WttiWg6mYr3Ifk1DF1PBmxmHYlrGZkbFUDku2oSHOAFjolOuIpZ65rs5+MmKg9hWcJlZWB1UbsOhRjYz5r/MoSn4AKWWQg0nwFoyzndhijRobGWIq3XgPQU1sa2LqjCRHoc81IBK9w0OnvscRWQtBGFfEc4b8o7wNDMKOwnY3lDwZZ+h1idB/zsThpf6CezkstVN3yNwHFMrNGqCVRvlA2UQ6POkud1nTvE0EcVR1gU7JNSCnrPrWLRtw+RM7BKBXnJDP9eOYqogVNAj0Av0uTk7mtjov2+1p2yQ0hIYXnXCs+qEzF+HC9YSyIiIsK84XWTKP5tvPHdi11GupSXHW8JNW+FMAHdclSCCKDEX/iKdDgotRY17jTu31LhvHybT5RGPin5K3NWs1c0yW+lp0umc/T7b383NUdHJa44rSfJU+Qf54n/iNzi8zBtL0z1zAAAAAElFTkSuQmCC"
01JH1Y5BYBK4SJYEYRWDPTRDCS,rX3`jHCVtR3cp,Obie,Wolfers,2002-08-24,662-906-2040,owolfersu@xinhuanet.com,22945 Pankratz Way,1,"data:image/png;base64,iVBORw0KGgoAAAANSUhEUgAAABAAAAAQCAYAAAAf8/9hAAAABGdBTUEAAK/INwWK6QAAABl0RVh0U29mdHdhcmUAQWRvYmUgSW1hZ2VSZWFkeXHJZTwAAAKrSURBVDjLpZNrSJMBFIY/u40wW5sNkS7LiaCJgakF3tDUMZ2aYZE4M6c0p2KiGLl0ec+cqLPErTTnbW1zltHwkgqSaYo6zRKjX0IZlJEg6Uwne/vcjyhKDfrxwOHA+3AOh0MAIP6HPxrJHgfF5Rz6kpR7ABIOFeIztGWeG6PonwSJbvTrNeE0U20UHfdI7kbSUBJCRbrvfhP3hHX+tgIZlwoFGZSQoRLuBjQUhzJwzZ+OGDfq4raCEt996JblYK5LgpG6dFz1YyAj0BYpQSwIvGhrTVlhlC0FtbHMryuf3mFxSIaPvRWY0uRitqMUC7N6qIT2i68bkvdsKbjDOz64MPoQ8+NaGF6pSNTmekGvwv14l/EtV7DhKnc7eCc3qVLd8X28DivT7WYMk0o8znSH8IHn6hWFK/4qYISoKNaclqTDnD5Mv1+CJjsc6uwwMxv1i5lvuCT3Rr4uGhfljr9JCOtgjYUVWxPHDB3EzJwBLXNAxjSQpvRBarMnEhtPgV9/EjntF9A6VoVM7VkEVdoYfcpoFmaBc2R9ROB5CbQj65BPAanDJgj7TUhpPo0nEzV4pK82B9VjUkj7MtE4LIFQyYZHCcXoUmhhQUzkOK7P67JQXa9DXBeQ0Anwn5qQQO67Ea7oSUNpdwqKOwXI0/FR0JEI+UAhYhq84ZBLrBJTYifTQk8BogQKFPUug9cGRKtN4NU6QTMqhXKkHI0vJagfuk1KkiEbKIBAyYGdmHh7SETsJd40pYr0Igcjn3/L6BHXD/4zE+JJzsnsEVx1BAGVNvAqoyFW4Yma53mIb2bDNd/ys62IoPy8wqw6yermjSLrYxE6OdOv4QMrqHWZxW5bYwVq1+z8VQamj2LeOc9y7XJjAFg5OybJ8J5Nv3EzyJG/HM3eCYaI2PVr/we4bY/dzdCujgAAAABJRU5ErkJggg=="
01JH1Y5BYCRXPCPF4G1GH913MN,wP5!1h~@%J,Stearn,Bartke,1990-12-23,993-605-5410,sbartkev@zdnet.com,40 Crescent Oaks Park,2,"data:image/png;base64,iVBORw0KGgoAAAANSUhEUgAAABAAAAAQCAYAAAAf8/9hAAAABGdBTUEAAK/INwWK6QAAABl0RVh0U29mdHdhcmUAQWRvYmUgSW1hZ2VSZWFkeXHJZTwAAAG+SURBVDjLnZNNSwJRFIbfGccPCKJMoqSwdBcEobUQWrmIChJs07pVuA36By0KWrTtB7hqGSQSFBGCbdq0ECkhSmgxldmHOuP9aO4VpSEV6cDhHu7c85z3nLkXnHP048/RKO+0r6JPO9nc7LivCErL8vk8p5SCEILWKlzXdWSzWfj9foRCIcTjcaWVo/2mNRoNBINBGf8GizgWi8k1k8nYFNgAopqwi0KzM2oxKAMYZ5YiYHmGwDCM7gDTNGWV8Fi54yCBof4AudKwrEpYUwGxqjPGkZgjqNfrvQHCFsZfuvzO4d4KxEdx8PLBa/XPpQJGm7PgloKN+UZvBRX6LgGLk3oXBV588c/OgJ1ccso15MEKX7X6ZUilUlBVFYqiyDWRSKBivONxvGgDtG+ilTStOh3IV25lNU3TEA6HEYlEZCyg5VoZrgEX1o6W122A7ezWIKhyPuL04ayUlodFkvCWihqpYv9qFwFfAMSkB0uHsdk2gBKaNEyT3+kFfL9Wkbk5BXMyOByONiR9nYZWd+Ht40VcOD8lbLc9A3rs2ZMPw/IqKAq4l/JKxZKtX68yitenMibMgNtteuJ/HtN/7AcakErwOe40HwAAAABJRU5ErkJggg=="
01JH1Y5BYDNG1H02S4J57K708Q,pM1`fb)FrKcs,Bebe,Noore,1985-06-27,647-510-7295,bnoorew@psu.edu,62694 Eliot Street,1,"data:image/png;base64,iVBORw0KGgoAAAANSUhEUgAAABAAAAAQCAQAAAC1+jfqAAAABGdBTUEAAK/INwWK6QAAABl0RVh0U29mdHdhcmUAQWRvYmUgSW1hZ2VSZWFkeXHJZTwAAAC4SURBVCjPdZFbDsIgEEWnrsMm7oGGfZrohxvU+Iq1TyjU60Bf1pac4Yc5YS4ZAtGWBMk/drQBOVwJlZrWYkLhsB8UV9K0BUrPGy9cWbng2CtEEUmLGppPjRwpbixUKHBiZRS0p+ZGhvs4irNEvWD8heHpbsyDXznPhYFOyTjJc13olIqzZCHBouE0FRMUjA+s1gTjaRgVFpqRwC8mfoXPPEVPS7LbRaJL2y7bOifRCTEli3U7BMWgLzKlW/CuebZPAAAAAElFTkSuQmCC"
01JH1Y5BYFCAFH67W5FAS85S24,oK9`!xy=UTXI8,Dona,Lambourne,1980-12-01,937-578-9686,dlambournex@google.co.uk,7 Havey Alley,2,"data:image/png;base64,iVBORw0KGgoAAAANSUhEUgAAABAAAAAQCAYAAAAf8/9hAAAABGdBTUEAAK/INwWK6QAAABl0RVh0U29mdHdhcmUAQWRvYmUgSW1hZ2VSZWFkeXHJZTwAAAIgSURBVDjLpVPPaxNBFP6SXZuYZWlsQbQhqRFsD1ahVgUPIuhBEDyKAU+ehB49FQTpQbwKggj+Cx6UgigloJQsqJcWCykppJVqTILi2iRms7szO86baVMFD4U8eMyP975vvvdmJiaEwCAWx4A2MIHpOM/+W0MUMekCQtDIpQdgjINzJqOhnDOEYQiTksfGTvWB1BMhoh3XBDQnkt0xiijGsbZW1ARkvt9WAB3UCRrEd0C7rhUlk7ZU4GkCzRwhlUojmz2DbtdFs1lBLndO7odYXV3A1NR1GIaJ9fW3cN0ttc+YjzhjYZ+ZwJub72WgJ8FnsbHhoNP5gXz+gkquVIrykBEQhvNQKpAE1BSqkzbIWq06qlUHnudicvIyLGsE9XoZtn0YExNXsL1dU7l0KB1kRpGnOquJoIKcc5TLb1TS9PQNZDKnsfToFuIrH+DXpPxhG73zl8BTPkySQfI5D1RTZmYKSloQdKTcURXbevEYhxpfcOLmLBL5k/A+LaJcKiJtSAVUm1YQYHn5+T+d7vvLJ7h4ew7J6jtg6QFSw2kcy42jUfoI0/d91dFEwvrr2vbundae+wvJI3ng2t29Fzh/FAc7ASnwZL2vVWfpdQnhy1Gol0ckpO546gC6K69gLczC9xroSoJ2y0DPGkJsP7+xVMjMD9nWvewoM834V7S/M3xuGjzsifux/X5np5Cb+/3z2x2Dx8a5IWoS9fTqInv4B7QMlwnqx2E+AAAAAElFTkSuQmCC"
01JH1Y5BYG1FW050KEA3FCEYRF,"aN3{?`i(CXlk""",George,Ayliff,1995-09-27,470-305-3215,gayliffy@hao123.com,7293 Kinsman Crossing,2,"data:image/png;base64,iVBORw0KGgoAAAANSUhEUgAAABAAAAAQCAYAAAAf8/9hAAAABGdBTUEAAK/INwWK6QAAABl0RVh0U29mdHdhcmUAQWRvYmUgSW1hZ2VSZWFkeXHJZTwAAAHqSURBVDjL3ZHbThpRFIZ5i3kcLRYPqIgUGcDhNKBAqyKCobTR2NhiKmCstcWmBmtLPaCO4CQ6SBWVKInx0N70KbjhCf7O3ia0ZS686F0vVrL3Xvv7VvIvFQBVuOITQxfe6tj5IEPu9xW/ZxGcu2aJnAksxW9eYP42hmB5oBY48zAjJ240QoP7HH3j8xYhWgwiUgiAyxpFlTxZmL2ewvrPNBJX0wid+TF0zCsEHtEKGcbT4igWK0k8OwzBumGo0uZoeUCYuZzE0vUcVn6k8OSbUyFwyfDbSgKvShOIFsZgWTfU2K96pv5huOSm8KfvS/AXHAqBQ2CxcJFAsjwDe5YFgWkGdzCPoSMXHhed8BXs8B7YFALbVh/6Nx+RyWAzevR91qEu+Jf6XwRuecdkTSRp27YcVtaoCLE33Qn9sha6D+3oSrVB+07zO0RXzsx4chxmT18ifhqjSTcKej5qMbkfRVQM12EqILA8uRaRgnguhRE7mqJrahR0y5MjYgi+TTfsq1a0vVELVODYMVUJ/Lo0jZG8768d/1md71uhS2nBZxwYzwXRn2bxMNksqLgtoxgQ/RjOe2HK9FCrYaVLIehY1KB9oYVpnVfXnKscrMsmqBNNEm2a13ol05c7+L7SzD1gWpLNVXW8SST3X7gvtJUuvnAlAAAAAElFTkSuQmCC"
01JH1Y5BYH4V83QRBM686TT92N,nK5*4\F%uVUS,Rayshell,Gozard,1985-05-27,406-733-5567,rgozardz@naver.com,2099 Beilfuss Hill,2,"data:image/png;base64,iVBORw0KGgoAAAANSUhEUgAAABAAAAAQCAQAAAC1+jfqAAAABGdBTUEAAK/INwWK6QAAABl0RVh0U29mdHdhcmUAQWRvYmUgSW1hZ2VSZWFkeXHJZTwAAADoSURBVBgZBcExblNBGAbA2ceegTRBuIKOgiihSZNTcC5LUHAihNJR0kGKCDcYJY6D3/77MdOinTvzAgCw8ysThIvn/VojIyMjIyPP+bS1sUQIV2s95pBDDvmbP/mdkft83tpYguZq5Jh/OeaYh+yzy8hTHvNlaxNNczm+la9OTlar1UdA/+C2A4trRCnD3jS8BB1obq2Gk6GU6QbQAS4BUaYSQAf4bhhKKTFdAzrAOwAxEUAH+KEM01SY3gM6wBsEAQB0gJ+maZoC3gI6iPYaAIBJsiRmHU0AALOeFC3aK2cWAACUXe7+AwO0lc9eTHYTAAAAAElFTkSuQmCC"
01JH1Y5BYJETP0MS3PVC20HVCM,jF0`G$hd<Mc~R/PR,Mahalia,Menghi,1999-03-13,272-836-2035,mmenghi10@youtube.com,41 Lighthouse Bay Center,2,"data:image/png;base64,iVBORw0KGgoAAAANSUhEUgAAABAAAAAQCAYAAAAf8/9hAAAABGdBTUEAAK/INwWK6QAAABl0RVh0U29mdHdhcmUAQWRvYmUgSW1hZ2VSZWFkeXHJZTwAAAJCSURBVDjLpZNNiI1xFMZ/73vfuXemmQn3IhqfCQul2ExIkq98bSw0QmSBLCyslBIlO4UUWdkpWREJSc1Y2PmIhVKUGTNmTJm5733v//8//3MsZsTCYmqezbM55zmd55wnMTOmg5RpYtoC2cX7w//dQVQJQXEihACFGIUTXBAKb+RBKQohA+he3vZPqyFqxDjBEo0gRlAlBCOIEqLiRbn9YmhCAGCsIURlsknxcbJYDC+Kk4gPhhPFB6XakVHUZcIDNWPb6k5ciOxe08n+dbM4tKHK0U01NqzsoJwlHFg/m9ZywrHNc6m7SMNFtAikToQgSiVLcEGptKTcevaDJIErD7+zoNbCivkVuqpl2sspS+ZUyJuRIiiaC1nuhKYolZaEgxtrZGlC7gQzo+4iqtC9vAMDmkGpNyMNH3EhxfJIWi8M55XCK9ceD+JFaTQVA/JmJJrx/muDD3evs/beVt7ta+dI73aWfbyNOk/2q/A0fRtmTE6G+iTnLqJqvL5zlZ3pczYdPk5l6SqKd0/50PuMt9Yg2XLpo+1dM4tvow4fFCeKC3+cnzjX4b5d7Dl5mrbPL6G/D2bMZCRbzJMnn8jGxoXCRzpbS/iWhNaQECqGSEKQlKBGNR+gdd5S2HXm7wdemM88fpKNFoEbj/uxYKhTzAsWFHMRvGJR2Vqu0njziPYHp3DFIA1gfKzESFIjmUoa+3q6LpQ7288trEmWpd8YHxa+DJViaNr5ZKpxftWz6Gw+OnCiFJPFsWT9Bjd3PJXLvwGPS3Y/UZc50wAAAABJRU5ErkJggg=="
01JH1Y5BYKSDKKVRRM693XA9M2,"cZ8\Oda2""}YpV(gL",Harcourt,Earley,1983-12-13,923-284-3493,hearley11@constantcontact.com,4 American Hill,2,"data:image/png;base64,iVBORw0KGgoAAAANSUhEUgAAABAAAAAQCAYAAAAf8/9hAAAABGdBTUEAAK/INwWK6QAAABl0RVh0U29mdHdhcmUAQWRvYmUgSW1hZ2VSZWFkeXHJZTwAAAKESURBVDjLfZNLSFRRGIC/O3Pn1cyUlLXIlB6SQrXo/YSiRSQDualVUFZE1KJtrTKHIloEbQpqYUW4DipSehBIYWr00MIs0ckUR6Z8jqNz7/nPaTEqI2E/HM6D833n5/znWMYYZuLglUZz4lApTT+H0MogohHRaNEopdmzZgm36z7w/vZha4axyQstgtYG5U6DKteLyjWlDKIkH8GTP5k9zRWUI6xzP3PKuYvrCK4rOeH/BFoJExmX5dEAriMcMK/YER6gaKqb4kUh0pksIv/NQOKt7YMUBmzWRydYa36gl+8mZjWxLOyn+WMfWkl8XkHj9YrqL99T8ea2JLtohTWVSOFWNjlNtHz6SXtnMt5RV1Wdz1jGGHi4O4THW4bBC3ChM3bm/Op3pws3H0dcm8CvRzz8oJ9UlSZqyG0BNZXi5JvenODBtj4WlxcZLDAGjEaW7SRrr0Cnf+NVIwQyP7CmhnJJiwvpATxjw8dygmvFh1CmTu87G5HSI+ixFGrsN3o8hc6MYJwsGI3lX4AXhd3+lGBP12PCvqPW7EO6VFSK5qneXlmWLalEhpNIZhidGcVMjGEsQ0ANEfn4Ukirau4lr869xHh/FxHfFs+3hkf2yFeMdjBTE5hsBq0msX02kY7XQzimYgb+pwpcTKQpWPjCM57AKBeUC1rAne79dpo7/S/mLSMA3mBMCspzQ58i6B3FEypAdABZvLSEmvIN8wtqd4Qw1n6JrCTYXU/0eW3Xgrf196OpZgLecdTCVSBWbH6B6L0SXhHyPbuMv6XlLsps5FbfCd9Ab0X407N+MzkJrpkjmPMbGR0p8n5P9vDHOUftYMPs+o1EAxfL1gU7224ibMtH/gIKIWcO8vV/HwAAAABJRU5ErkJggg=="
01JH1Y5BYM1DECEXED21TNAJW1,pE7<~B=T_IiCb~j,Auberta,Keyes,1990-10-13,755-357-4030,akeyes12@buzzfeed.com,5 Hansons Street,2,"data:image/png;base64,iVBORw0KGgoAAAANSUhEUgAAABAAAAAQCAYAAAAf8/9hAAAABGdBTUEAAK/INwWK6QAAABl0RVh0U29mdHdhcmUAQWRvYmUgSW1hZ2VSZWFkeXHJZTwAAADdSURBVDjLY/j//z8DJZhhmBvw41KQ07dzbk5kG/Dtgu/Jb2fsT5JkwI+bqZw/rsfYA21v+XE97f+PS5H/vx5Ra/98QN7+824ZTiIMSJr580bW/x+3iv//etD9/+fdpv/fzwX+/3LY6P/n7TIzCRtwPYYZaPvGH7dKgAb0AA1o/v/tQsh/oO0bP26TZiYqDIB+1/1+wef/z3vN/3/erPr/5aAOyHZdogMRGPIe38/7gvz+Gej3z18OG/8H2u5BvAFn7GO/Htdv/3pAQejzXjkhoO3tH7dIxY7EpEwMBgAr6O5Q8udliwAAAABJRU5ErkJggg=="
01JH1Y5BYNT7QRNFPGV4G33MNR,sG1{Mf?ln,Yurik,Chorley,1984-10-16,653-304-7378,ychorley13@scribd.com,9 Blaine Crossing,1,"data:image/png;base64,iVBORw0KGgoAAAANSUhEUgAAABAAAAAQCAYAAAAf8/9hAAAABGdBTUEAAK/INwWK6QAAABl0RVh0U29mdHdhcmUAQWRvYmUgSW1hZ2VSZWFkeXHJZTwAAAKsSURBVDjLhZJfSFNxFMcHPUUP0aP0EoSEVEaY5QixFzMTRtLDCH1QqIbEKBCzTEyxPwotsbLUETSHmTUTm86mrk03N9eW253Oua2pW8OcS6Z3d7uzWd/uZi0qaQfOww/O93N+53wPCwDr7yyoJ0oqRG61oM9P3u3xkUUCQp3C7SnZqnZLsUDqXzK6wpjxrGPKHcHYDAVei3NpW86TkqSAcqZzTOz8vI4PLhp6ZxjmBRpycxAZZXJ1UkBjr4+c9myKJxw0NLYQlNMUxmcpFDZayaSAum4fScxHMGEPQx0XhzBMUBhlxsivI5IDCutNaqU1CNM8jRELhUFTrHsIL3Wr2J7XmXyEnQVdNUUCKz06E4LUSOK1fg1ygpmfPxpl7eI3/xdwmK/j8oUum/jtHERDC2iQeHHrhQePemfR2mNBToV6hZVyu2ZLwH6e4tClNqdVwyzL5o3AOEfD8DEMLfN96ZtevOuqhk7WAKXkJoRVJ+1VnPTcPwDZFTqhbHINVg/N+B6C0RUD0Bjol8KqbYduahEq8wqGDH7I9XY8rT0VOp994EQCUNpkd4zbg1BaSIxZKbxnuusdYfQ/vYIxsxerwa+4U1mNWCwGIuge1OAa56AqAeAL3bTBEYJ42AcV47uOsTG2fZnoKmSG5bjwFyC6sYEOlRvNl9mrCQCvxRXR2kPoVCxDYQlu3sAUhVcPStGtWcT3n4BYfmMeDwdmcY+XGUgAcq+bXGKlH31afxygYm5BbiZxv/wcOmUqfApE45BYzH+J4nHHM5SxUxW/7Tgmzd/B1beWNdsxwgjHbRSzTBIdXQo08dkQSSR4PkRAPDCJdlEbqjhpgTOZaex/Dmk3d3gpg2/w5t0gAjmVRDT1gi6653Rr8OzxPLq2+OhGfXF64GLWXjnnyL6sWP0PKd/8SStdk8YAAAAASUVORK5CYII="
01JH1Y5BYP19PSWHSVXAEDB15J,nF1&(1/?,Joane,Cuskery,1989-01-03,210-827-5874,jcuskery14@pbs.org,93020 Spenser Crossing,1,"data:image/png;base64,iVBORw0KGgoAAAANSUhEUgAAABAAAAAQCAYAAAAf8/9hAAAABGdBTUEAAK/INwWK6QAAABl0RVh0U29mdHdhcmUAQWRvYmUgSW1hZ2VSZWFkeXHJZTwAAACwSURBVDjLY/j//z8DJZhh1ADsBuRPiazJmxLxKa3P/39ki8Mnzwq9GqINyOgPbGhcnfh/y5Wp/y882/W/f3fW//B+3f/m2ZI9RBkQ2+7yfePlCf83Xpv0HwR69qT+79+TDjLgO1EG+FQb/t92Zc5/ZLDp0lSQAf+JMsAyR/p7966k/+27EsCa23cmkOYCoMKW4B6N/727UsA2g2gQn+gwgBrSAcSfQM6G0h2jSRk3BgASP+M7I0sypgAAAABJRU5ErkJggg=="
01JH1Y5BYQYZWFRCWYEABN8A59,fO8*OQLOCs?0$,Tucker,Sheather,2000-11-14,715-533-1336,tsheather15@spotify.com,9245 Kim Circle,1,"data:image/png;base64,iVBORw0KGgoAAAANSUhEUgAAABAAAAAQCAYAAAAf8/9hAAAABGdBTUEAAK/INwWK6QAAABl0RVh0U29mdHdhcmUAQWRvYmUgSW1hZ2VSZWFkeXHJZTwAAAInSURBVDjLpVPLahNRGP5mcrWZhGgaLEwtJFJJqQEXgoKIkKBkKfoAeYKA4M7S4kLyDF34AF4eIIOQMC7sooqbECExImnSGgwqTTtmcubm+Y9MSAWh0AM//7l9l/9cJM/zcJYm44wt6Hfa7XbdcZwCD9i2DcuyZsEYm8V0OqXcKJfLRcJJVAIH3wmHw3o6nRab/m3zZYZCIei6jl6vV6xUKg3hgCtuJZNJDIdDRCKRGWgeSP3BYIBEIoFMJkOiG3y6ITWbTaGeSqUwHo9P2KVSCChJEgKBgFCPx+OIxWLQNA3dbrcYJHWyTrXSpmg0KsJXn3dC2XVdmKaJfD6PVqu1ESQlwzAwGo3EAfmb6DAp+2PtZxUTy0Ap+QSR0DkoiiJcEkGB2GlAIF6SsCzL8gkHE2WK5fQaXu1v4uHiU6iqSphCkFSpVgoioCCCL6nXXJlfoWuD8TX1/CrWlm7gyDTwvP8Im+pLUbYg8IFkNZfLidz9xXB3vQzH4+W4fA0eDg77yC/fwjGb4PHbEq449/8S0A0QgW+XwhwxAe79+AyLu7C5G8uxMJ4e4dql2zi2fmN38gJBfqJarVYrzb0ykc20CduxcTGxwsGOIPt2uIcLyhI+9t9ht/Meq8PijvS/z/RgO+ua9B5cBtNmuLy4Lt3M3sOHvR3UO2+GzEbxoOp9kk77G68+k43rK4UFvVPfZ64At2d/4TQtuyUZjhtYmLhO9nvV++rP/wHfnZcUJl+kcgAAAABJRU5ErkJggg=="
01JH1Y5BYR3226AZ31DQJJAK57,bX2%6q1hgM,Rosabel,Feige,1995-05-16,216-370-2413,rfeige16@latimes.com,17251 Manley Alley,2,"data:image/png;base64,iVBORw0KGgoAAAANSUhEUgAAABAAAAAQCAYAAAAf8/9hAAAABGdBTUEAAK/INwWK6QAAABl0RVh0U29mdHdhcmUAQWRvYmUgSW1hZ2VSZWFkeXHJZTwAAAJcSURBVDjLpZPtT5JhFMafrW997I9rscA+FFu2QRurtlw5cQ4InLpwBogIPNFSiNJ4C+JVkj0QTBHQKFPQlJfwlanY1tXz3ARkn2jd27Wz++yc33XOvd0UAOp/RNGR/X5zeH9rOlTDVKAK3fsqJrxlqN27GHPuYHh+G4rXRQzZNjEws47Hli/oo/PxNsAU3qvWT3/gX3TPuHrWBhiC30nSktXDtKLB1NI4NKkxqBMqjDByPFkcxNBCPwbCfXgUeEBq705m0AZM+qsk2e3hau88W+4ANOy+XPLFQrkrcbW31KkOYJx9rBaAOzPR0gVHW6x593q9cDgcqB6e4sZoogMYdXzD0ck5ZhfLsHGKVfAqVoadKcMdzcLr82PuwwZCoRACgQCWVzdhoK2gaVpDAMNzWzhkAXamQpze/I4t13w+j2AwiFwuh7W1NXg8HmQyGSgUCshkssuU3F7AQf0c84kK3n68KFc4hXQ6DavVCqlUCqVSSdaIx+NQq9UGMsHg7Ab2jxtwp5rOvqUqia3CUqnEObWn0mp1KBaLcLlckMvloPpfrhOAl230/SGLxQK3241CoQC9Xg9nskKk1emQzWZZkBZCoRBU3/NP2GMBgXTTObjSjI1GA8lkEgzDwO/3E4iObXY6nYhEIhCJRHoWcIW6b1pF7egMlYNT7NROUKzU8XX3GJ+3D2E0GgmAm4Zbh2s0mUyIRqMcAGKx+BIlMeSiYu1K/fbEMm4+TaFnJIHrSgZX5TFIZNPo7e1Fj9QOs9kMlUqFaw9pCASCnzwe7x15xG6/rUQiAZ/Px9/5XyhZOMVGKlOdAAAAAElFTkSuQmCC"
01JH1Y5BYSKZ78A8SJRGQ5PPTP,tJ2/2$(#e%*qK6OD,Adan,Oxbie,1984-12-21,518-172-6805,aoxbie17@google.co.uk,92143 Tony Drive,1,"data:image/png;base64,iVBORw0KGgoAAAANSUhEUgAAABAAAAAQCAYAAAAf8/9hAAAABGdBTUEAAK/INwWK6QAAABl0RVh0U29mdHdhcmUAQWRvYmUgSW1hZ2VSZWFkeXHJZTwAAAJhSURBVDjLdZPda85hGMc/v+f5Pc8e2wE2QtiMyZh5K4RSpCkHxJnkSElOxJFy4kDyF3DopR15yUst2pRpJw4cSJLETCTb0mxre57f775eHPyevdBcdXfV3X19ru/36rojd+fwuZtt7n7PYQRnt+O4A+5kyaePaSAko19e3rm0GiAme3DaobV9Q2M0NDyK+1QRZDDDDX6PTlBOHPO4mWpkANjbvmFltG/TShqXteMZAXPLulrWffGCWmpLMXuOnOEvAO4L29uaePr6EyMjk7gZADalwh035/fYJJUkZXZULRDFxZi1G5toWVKPKrgbZo6qo2aIOeVK4O793rkAjqrxdWiMYq5ApVIhJCli2b2QJy4UWVRXg7nPAQBMDdFAkiQc3dGSyc/U4e7cevGBUCrwT/2MgqCGBkE0R2fve5IgiDoqhhBRKBZJJRvqnAARIw2B1MBzNUSFAuQciwwzI9WIVP8LgCCKVIQkKKJGUKvmDL5+4BFrPj5g29AAv4olujviix3dcm1GgRohCSRBMzvqpFVIa/9jdiV9tJ48Q01zG+W33bzv67nSc6AwkZttIaQZIBWjHJQ0KIkYy991sm7fMUqfe4luH6e2/yGrmhryHvn5eGphUlEkEZJgBDNUnGBKCM788UFKS5vh0IUZ75eXkbdo1fQMVB1NNbNghogh4og4Y7UNTL7pou7JWZLyTyaB8bE8mufH9AzI5di+cxMeRag6oo5V8+iWE7x71UVj/TzifIHxYWFgMFLHr08Bep51vTqV/bxZ+4+Dw3NfwX7byuZvPTSkYPncd8dvHOyWq38AFgvYQWlFsCQAAAAASUVORK5CYII="
01JH1Y5BYT9C3Z9Y1MTWC118ZN,eL2_JPmid1nmr,Shalom,Huck,2003-11-04,192-533-1252,shuck18@amazon.co.uk,8 Browning Hill,2,"data:image/png;base64,iVBORw0KGgoAAAANSUhEUgAAABAAAAAQCAYAAAAf8/9hAAAABGdBTUEAAK/INwWK6QAAABl0RVh0U29mdHdhcmUAQWRvYmUgSW1hZ2VSZWFkeXHJZTwAAAE4SURBVDjLY/j//z8DJZhh8BhQXl5+oLi4+EBubu6BtLS0A/Hx8Qrh4eEH/Pz8Dri6uh4gaABQcwBQ84eUlJT/QM0TQGJAzQ1AzQtsbGwUiPIC0GYHoOb/kZGR/4GaC/DZjDMMgM6eEBgY+N/Nze0/0GYBkg0A2iwA0uzi4vLfyMhoAskGgJwNtLnA2tr6v4GBwX8FBQUHkHjIlAcKpaueX2jZ/PKDb9fdBgwDQDZDA6wAxNfU1JwAdMF/CQmJD4KCggbJ8x5vAGpU8Gq71dCw/vl/DAOgNh8AORuo2QBo8wGg5gNAzQe4uLgOsLCwGIDUJc56eCFl3qMHZCUk+4prDWGT7l0wz7lkQLIB1kVXApyqry0wybggYJh8wUEv/qwCSQZ4t948kD734f/kWQ/+h028+2HwZCYAjxChYziQ1VwAAAAASUVORK5CYII="
01JH1Y5BYV8AZF0Q1NXPAN460J,jL0)/9En,Cole,Bruckner,2004-07-25,327-251-0755,cbruckner19@eventbrite.com,51 Division Trail,2,"data:image/png;base64,iVBORw0KGgoAAAANSUhEUgAAABAAAAAQCAYAAAAf8/9hAAAABGdBTUEAAK/INwWK6QAAABl0RVh0U29mdHdhcmUAQWRvYmUgSW1hZ2VSZWFkeXHJZTwAAAEoSURBVDjLnZIxS8NAGIabf5JfURf/g2NxyCCEbAGXcuCWIQSC3C4hZHPXttopKI5S6KaC2E2umDRSg6SXwGcubeAuCeVs4F0e3nu43Pf1AKDXTPmpZfpc1K5e1e04rLBDRVEAS5ZlsE+yVxBFEdSinUT5lyBNU0iS5HBBnudAKT1cwEdawE9B1/XYMIxY6hHDMMS+7xOMMXEch9i2TYIgGLiuO7AsiyCEqpimSUoxFgTsap7nEf6Ku19RupimaYRj7aWRZbWguTRHZU4kWC3eCsKXGBbxpn7xMzbC9fMNFJ+vArtdjuAjW/CT2Qqe3tfw8JYI5d/5HfzMRgK7X01h/DVpCy4fv+FiuhLK9Poc6NWpwIZLBEOC2oLG0lRlCdbvmgLLsSRT/wAPFzLO5ovpLAAAAABJRU5ErkJggg=="
01JH1Y5BYW8764AAEK2SGAQ6JJ,oN9`I+D@QEy6c@3&,Lishe,Houston,1988-07-10,286-870-0830,lhouston1a@fema.gov,49 Graedel Terrace,1,"data:image/png;base64,iVBORw0KGgoAAAANSUhEUgAAABAAAAAQCAYAAAAf8/9hAAAABGdBTUEAAK/INwWK6QAAABl0RVh0U29mdHdhcmUAQWRvYmUgSW1hZ2VSZWFkeXHJZTwAAALHSURBVDjLbZNdSJNhFMf/m/v+atayydzEFk5rlbrmLBcpRV4OW9hVdNNtV14IuxQqIoLuvI1ouykLE4rdhnNivTmKikywbaBurM19f77v2/O8MJmtBw7PA+97fuec/zlHxPM8Wk8ymTSLxWIvx3FTjUbDQQz1ep0plUrBbDa76Ha7463/i1oBiUTiokgkmpNKpR5yg4BAAdVqFYVCAbFYbCmXyz2anp4ON33Ezcfu7q6ZRJ1TKBQeuVwOCmYYRrBarQalUgmLxeLZ39+fW1hYMLcBSJpeiUQiRKYOFOJ2X8aViQlotVqUy2WQzGAymTx7e3vepp+k+ahUKlMajYbeQrQf20mshVeFTFyuMfQaj1B90NXVhUwmM0Vcnh7KgNTpoD/TemUk+lo4BJ3FCV3fJD5tN6DT6WiWUKvVKBaLjrYSiMqCYDR9EhYcB9SgQoWVwSCLIvX1AfhGHkRECsD/AEw+nwfLsiDtwqWxURTzWZTKWQwr30PVeQ7y4jqi0SjVg2kDEHWDRBzhHQqFIEUZd66ZMHMqDL3xAnTdwxDnGMR+rtIyg22AdDq9uLGxEYzH4yDdQCQSwbs3z5D+tQytQQ829xZG+21YVd9TBg231AYgyruIQCdWVlaEj4ODA7Ad20H3mRnSos9Yf+6HRl+GWVczjPSJHx4C+P3+m6QDfjJ5Q6T+e4FAAMuBJziqlkLbWQJX3SbCcmALH9E3MQu7sXprfPTs/QMAmcCXVqtVptfrYTabY46R87huZ6G3DIErfSG+ZTi8NnC1HSgUmxhw3sCope47ANDhUalU6OnpgdPphOskYOkfh0qbIq37QzamA8zrTRoKXGUTx/t7cdUmwYd5+2lhmXw+H7+1tSUMEbXZyRzcd1+gQ/ybADLEsXVjxehQ2pD4FsHm8vwr0b/rTM/qY0eKZzkVz/Ekfa7F+IObThrxZf4CSlpy3yYZtPsAAAAASUVORK5CYII="
01JH1Y5BYX07VBR66KE03HFD4P,tX9~m.R6uw,Lon,Donalson,1991-02-04,209-155-3164,ldonalson1b@answers.com,7630 Porter Street,1,"data:image/png;base64,iVBORw0KGgoAAAANSUhEUgAAABAAAAAQCAYAAAAf8/9hAAAABGdBTUEAAK/INwWK6QAAABl0RVh0U29mdHdhcmUAQWRvYmUgSW1hZ2VSZWFkeXHJZTwAAAInSURBVDjLpZPLS1RhFMB/M/eOr0YzH2mjghPjwoWGInWTMDCkmVZB/QPVrty1GXAVtHATLRIXtWgRBGGB2iKxIEgbopJhTMse9Jrpjoz4zuudx/d9LWxGh1oIHjicc+B8v/PgOw6lFHsRJ3uUPQP0eDweBM4DSClRSiGlzFMhxD/2r95zmKaZqaqq0gB27iPr/89m/UgkInSllOZyubg5JUhZ6yx/fIFKb+Csbuagt4Uz7i/4fD6C4ytYdgprM4Vlp3lw0YcQQtN3Vm2fu0XGfMOPaJTvCxaqbxqAdDrNtZPFSFmYGwtACIGeDQDSNW10tdbRXaDz8u0MEU3LJU5MTOQtz+/3bwGEEFuPM5LXCQ+6voy7rIyp1DGWlmxwbwEMw8hVz3ad18FK9BPV3sM80ttZ+pmiqKKA2o1fucT7Y3f4ujLDb3sNO7mJ/+g5ykXDdgd1+9aYXSxHVpRzoKYAe82mVC4AxTwND7PomqO7y6C+oonns8OMTA9QK9q3AVcCx3PzWZZFMplEygaklIyNDnE2cBrhFBw51MOz90MYLZ08HHmyDYhGoyQSCSorK2lsbKSkpCQHXFidx+VwE2i+BMDVU7d5/G6QjBxFF0J8CIfDzUIIOjo6HKFQSMVisbxft7q+zKwZImJOEuy5S//4BYq0QjSnrhy7uUaj13O93ru/r7P1BE21bXyeDxOaniT2bfWGY7fnbPR6+oHLQCmwDgy+GjCDfwBGL0x8usOKBQAAAABJRU5ErkJggg=="
01JH1Y5BYZJHKHSNNDKTGCNS73,aM5%ty9odFH,Donny,Pingston,2000-03-13,435-541-3891,dpingston1c@freewebs.com,882 Southridge Park,1,"data:image/png;base64,iVBORw0KGgoAAAANSUhEUgAAABAAAAAQCAYAAAAf8/9hAAAABGdBTUEAAK/INwWK6QAAABl0RVh0U29mdHdhcmUAQWRvYmUgSW1hZ2VSZWFkeXHJZTwAAAGtSURBVDjLpZO/a5NhFIWfL1bNoFQdREMRRAo62CqIhOImWRz8A9xcNU4uFd1asEs3cXDxX+ggFkTQoZRsUrGDCDpoY4VSEoPRku+e4/B9+UUyFHqnM9zzcM77chPbHGQKHHAmumL51c9eFNkYiAAMlpAhlOkQLNw5lwwBAEonj2CMBQYsI4MHIBJ8/dUeTRA2dm4Q2MbO0+QgyUgmOmMqRGQRsZFyY1drGNIJjQIcyhYNkrDIDeoZu8A0HQNIBQqjfClb7mr1kxiUehSgVITc6+mBzs4rdZOk4wBpChHq9R+GQLP1luaf9/zda9Bq73HrUf3J66cbi31ABBET+avnRmdfudNYpThZo3LtOlOnpnm3uULt09ZCuVo6UegnMBFGKUQ4+5UQaZitnRWuXJwlCsHs2QqRdChfngO43weECZlUzrWIyJLstrY5nBzj9qUHADy8+YILp2cAigNvID5/b/c6S8JhBOz+brBZX2ejvsZ85SVLb+5SPHQU4F+yn2ssV0uLU+cnH8/N3GD6zFW+bH9g/eMaP741l5P9nnO5WloC7gHHgRbwvPasPv8fJZl0Xd9fi4EAAAAASUVORK5CYII="
01JH1Y5BZ04KS8RGQA66NQC563,vI6\h{8`,Isidoro,Carette,2002-02-02,997-326-1858,icarette1d@narod.ru,9 Lunder Drive,1,"data:image/png;base64,iVBORw0KGgoAAAANSUhEUgAAABAAAAAQCAYAAAAf8/9hAAAABGdBTUEAAK/INwWK6QAAABl0RVh0U29mdHdhcmUAQWRvYmUgSW1hZ2VSZWFkeXHJZTwAAAHMSURBVDjL3VK9S0JxFBWChvoHinap4UG6RIsihYMfiTboUFGhPVIbxAJFG5TEKM1U1CWENjEUigiyHBRnicrCwaIlXPqggldRnd6VkNqMti4cfvede875Xd57AgCCv0DwjwIkEkmn2Wxe8Pl8t8lkEm63+8pqtQ7w6OL7GnE0Iw1pfwSIxeJ2lUq1Eg6HUa/XUavVUCgU4PF4LlwuV7FarT4TVyqVQBrSkqcZIBKJRux2+32lUrk1GAx7SqXyzWQyIRKJwOl0gnriaJZKpa5IS57vG6x4vV4uGo2yGo2mQyqVPubzeZTLZRSLRWQyGRBHM9KQljzNAIZhZlmWvYvH4/M6nW5fJpO9yuVyaLXaBqgnjmakIS15mgF9fKnV6vNgMHiXTqdvstksEokEbDYbHA5How9t+mCLjX3MrGlg8Mreh+eYcDNAKBS28Sv2KxSKS6PR+GSxWDgeL3q9foLH0OzixItnawq7pzEcXecQOjBDH2IwYOkOtPStx/3D3PbJOrbPIqAKHJoQOmQpgGspQOUSYe90A99r5zhGAa39bYPWHm41Nw1/brJh9u9P/m4DXrg0GuhFMGds3EwnPbf8Dr5Clnk80Npf5zLxn1E7ljyteCJyAAAAAElFTkSuQmCC"
01JH1Y5BZ1KRMVQXWW0MS84RB4,pS1}mY*(n#u*gq,Kittie,Moulster,1988-04-25,202-761-7953,kmoulster1e@wired.com,18 Marquette Road,1,"data:image/png;base64,iVBORw0KGgoAAAANSUhEUgAAABAAAAAQCAYAAAAf8/9hAAAABGdBTUEAAK/INwWK6QAAABl0RVh0U29mdHdhcmUAQWRvYmUgSW1hZ2VSZWFkeXHJZTwAAAKkSURBVDjLdZPfS5NRGMf9B/wL+keCbr3wStArL/RKEdQLCxGEGqLJgkQx0A31IsUmKRbohSxds2Ws0ja3ynLzR20sdb1be3/YptPt03OmSRN64fOel/f5Pt/znPOcUwFU/Ev9A/ctYUQICpqQESKCU8Wu6/9NrBQcQv5FIMbnuMG31Ck/rDMS6WNWgnFU7FJTWWZwmex2rUY4LxRJGPB83eTZR5N36VNyIioIKqY0SvvX5K+BQwX0PKXHEvW0T2fS/4uwXqAo/2TAKFzEL00cJQP5uCkUYuk8029TRFMXoqVADufLFLvHlCo4kpcl46miWFQGBZVbmn1Z1rf00WDCpzG2qvEpATtH8DZqyXJOSJ9AUgwMKSVzDqawfLEnDmUQCsd0pt78FIMkzldJFoMGc2u7SnComH+zhyVJTqeTr9oZ4R/nhGOGioeUQWor8VtmTjImyeNi8n7PUsED4cYlB+MTE3i9XoYejTC3npYqs0qTujJwepM4PEeMeA5Z3y83eDw5ic/nwzAMPB4P9+0PCcWsK4NQ6HsGh/ewlDz7QZeNLKLKVuW7XC78fj+WZbG1tUUmk2FhYYG7th7q7Uvhq0307+cIJyGehT1T0GFmZoaNjQ2y2SzxeJxIJEI0GkXXdZRxc3MzV23MS2uS0qPtDAQO4XUMpqafMCFrHx0dZXh4mIGBAex2O729vdy+fYeGhsZs2UHSpF1hDdYkeXmnyOKXM+bDOWaDWVwbFk8DJuuxfPlBun6UE2aRTalgZeecwcFB+vr6sNlsdHV10d7eTmtrK42NjdTW1uZqamr472UKfjfo7+/H7XZjmibb29sEAgE2NzfRNI2hoSGqq6vLr+b163zP1lPs7u6ms7OTjo4O2traaGlpoampibq6urOqqqrjPwDsCp2+T9HiAAAAAElFTkSuQmCC"
01JH1Y5BZ2CN8B5SVDSVYEN52Y,"xN4,"">wqE",Eloise,Van Oort,1991-12-01,913-202-5300,evanoort1f@irs.gov,37165 Miller Junction,2,"data:image/png;base64,iVBORw0KGgoAAAANSUhEUgAAABAAAAAQCAYAAAAf8/9hAAAABGdBTUEAAK/INwWK6QAAABl0RVh0U29mdHdhcmUAQWRvYmUgSW1hZ2VSZWFkeXHJZTwAAAJ8SURBVDjLpVLfS1NhGPYP8D6im8DKwrYhUaa1tEyyIXlRWtFFJlZQERIGUZKGI5dO7ZeUEl1YaKUYkyU1J0hE/ppzuOnUDbdpbp7Nue2crZ2J9fSeQ4LhdtUHLx/fx/c87/M+z5cEIOl/6p/DsjGnzWfIhnf0CJjhw2AGD2HpWxY8Xw/CPXAAi/378aNvHxY+p7viEhD416q/FTFfC2JLL8AvPkd0/gl+OhoRsdXDN1gsgLm4CghcE5opw6qvFeHpfHDm4wgZsxEcykLEroZ/tFQAryUcwTsij8WYZ4i6boGz5IE1HkWQxojY6xAwlZN0OVyfZClxCbzD8jMBywXEvC0IT50AazqG4Kgc3ORNcNYqeAYUcGllioQmklnhiKsavLsR3EQuQmPZCAxmitK9388RWFqRMAUCZyyPFSLGvKSOCoTG8xAcycEKOR+eeSSAfzs1e3lHdxo/17WHt79P5W3tO/nZNymMSEAxMezsbepO8y+Q484Gce6IrQ5hqwqsWUmkVQgaKhEYvosFbT4IHJl+vV30I4kyDlLGPGXMU8Y8Oc3P98p4zvoQvl4ZlvWkyliNro4iVDQX40pjIc4rc9iTd6SVm/7Bejl7JAMrhnKwEzUEvo/2tlN40HkJWkszTG4dmvqu4WyTBBnXt6rjEjg+ponSPf1FmPsgxUVV7prG/BiaqacQllp/GU36qwJBNB543KMvhFtXAHvHLr/t7Y4tBffS0Wt5hY2rZ6JZINgETnZ0SzDXmQZyum79PvPGtmi9rhS1uhIRXPulJL4CimmSYmIInLzxnh4qT6t3o0FXJnYWduG8yQP7u9SMRB+GHquoWEH2310l3P8B4M3c7jDaDNsAAAAASUVORK5CYII="
01JH1Y5BZ393X34ZX2049T7Q50,aN2_)aSj,Marlie,Annwyl,1992-11-28,562-160-4032,mannwyl1g@usda.gov,69 Oneill Hill,1,"data:image/png;base64,iVBORw0KGgoAAAANSUhEUgAAABAAAAAQCAYAAAAf8/9hAAAABGdBTUEAAK/INwWK6QAAABl0RVh0U29mdHdhcmUAQWRvYmUgSW1hZ2VSZWFkeXHJZTwAAAKqSURBVDjLpVNNT1NBFD3z3uvHo339gFZoCxpqRAlBJayMG4wLl2hYqT/AhQsT1xoTV65cEFeiG5MuJLpAJTEmWo26oBbUhSIfEUhLsLUt0NL2fc44r0UDhh2T3NyZ5M6Zc8+ZSxhj2M8SsM8l3RybSrpblIFCxfBsqaZAOSEKBotvKGdn8aC0ed4OBmIZRm2zkPmxuCiFg/6uK8M9Ps1gxO0Sd6GT//ekmeuaKdY1K3rxjqYK+bIZ101KEsk1ZAo6qhrDSpEiU6LIblCsbVLkKwyFKoNhAdmijtEXa1ivaoIS7josVDWLuBwCYhEfXk3nsbFloN1H4OBknCKBU7IDCMgExbKO8Q85BFp9aAu4GpyEmmo2KMY7vOhs9+FlOo/1ioGQV2hcdNpAW5+Qm76FiY8/EWrzIR7zgmybJ1RVq6kmL4xHvQgHW/D4bQalig6/m8AjqSgtjEMJ9aNPft+okaUdNlbrTQaEq2MaJtwSxcFYAJOpPLIFFauzE1DCA/BFBhCuvYOzNtdg9ldZoaZZsNnouolcqYKudgUn4kEcORRE+vscaiuT/PUArPIzRPsvQVhOgBoaGv+PERvAZLa/+SK/HFbg9zg5RYLuAzKOS68R6T0PqDNIPUrAG6jDVUxBXXnDrTQ4AGVCtbS6rHEfj3XKLBoU0OqxuIAWlFoabrMEJVgD1ZbsYlhczO6h62j7lUAuX1LLv7NLpO/C3aSzNX7SpXg8kkskElfTwXW4Fnkonj47TNyOKVA9u92zA6JnELkFAYnk/Gbia/wz2WuYZu4PXQ31Dt/r6JH5qyner47pp7MYHOkFEf2AfA7pBzfyjNIzewKkRk9l+y8nYqKwDGau22rtmj9RPorcty+Yf377ibTXhJma7p4ZG6lzjXjrdEewfxl2ZqzjD9JZU0+1XOyXAAAAAElFTkSuQmCC"
01JH1Y5BZ403FG9F62N87VWYR3,bC1&!C%Dgl,Grazia,Hurch,1988-11-27,519-893-5855,ghurch1h@phpbb.com,6 Marcy Place,2,"data:image/png;base64,iVBORw0KGgoAAAANSUhEUgAAABAAAAAQCAYAAAAf8/9hAAAABGdBTUEAAK/INwWK6QAAABl0RVh0U29mdHdhcmUAQWRvYmUgSW1hZ2VSZWFkeXHJZTwAAAL0SURBVDjLhZNbSNNhGMb/EqGGUEEUUhgWUkmWQpFZ1oUkdZNQhFAeMkktQY288EgeKk+l05zHdI41tZNO5mHTEJ3OmTrPh8imTvM0tTxs6qbb07c/OTSjLp7v4uV9frzw8aMGWI9MSAJI+CQyEiWJtiv7AZoZbqh9fl3LD7+sLA46Lcv3seQz3fcFpLiamQCg9KHIcuNIVRwmmphQdORhtoeNma4CTLXkYlyUgdHqFMjK4tDLCUUjwwslIZdAAI0GQD8nrGsDMC3NJXmNSUk2vtczMSJIhoyXgIGiaHTkPobohTsNYLibdxkA4m65tVRch29VOegrjEQL0xu1cS4gZ4OcDZbvUWR5WyDH/ySKYm8iJz0e6dwqawNA/9QOagTSMTVml9awotFhdU2HOdU6+iZW0CZfxvCsGrIZNcrbZ5BeOSzYKBsA+gj7l0uF/SrdCFlWrmoxMb+GgclVDJGi+OsiMoWjulcVwyWby1sA+vA6FuzLOuZln2VLGP2hocuVnXPIEMoH0yqG7P8sbwNspLBJ0dAuV6JteAlMgVykn/lzzqnus+zgmWdj+l9AcdO0pHNMCSkBpJUPNehn3iw7VTT/NlyzjsOFedj0r4BC8bQDr1Uh7x5dQiDXEQFvzsOPfQZeebaIKL2Fd62pCH7vgispB7SOSXvNtgA4DVO8D83TuiHFCv0T5GTw2jPwUZpOF4tbGWB8CgZbkgg/rjPOxhlrbWKNdtPlAtGksKZnDuPzGqjUWmjWdSAn0+Xk6kAkCPzxrNIHUXwvxFT4IksUC7eCi7B6Qq1TRTU91tyGCdT1/4RicY0ua3XAndwTeNvCALf5JdhNicgXxxPIQ2SKYuDDvQrLSEpxMJSypV3oFWahUSKG5MssxmaWsaDS4EbmEVxLPQSnlP24kLQHHiwHZNRH4R7HGcfCjNTmoZT1Npn+5YLd053wZDvhVLgxQjx2STfbaNCZKCwjCit/K0y7QBTWEoWVVhGUziJ8B4LumkZv1vkXO/PSRSy+XJ4AAAAASUVORK5CYII="
01JH1Y5BZ5A2FC77G5J7QWFW10,nU1/r!)3,Ethel,Penman,2004-01-16,593-861-4400,epenman1i@cnbc.com,943 Corry Parkway,1,"data:image/png;base64,iVBORw0KGgoAAAANSUhEUgAAABAAAAAQCAQAAAC1+jfqAAAABGdBTUEAAK/INwWK6QAAABl0RVh0U29mdHdhcmUAQWRvYmUgSW1hZ2VSZWFkeXHJZTwAAAC4SURBVCjPdZFbDsIgEEWnrsMm7oGGfZrohxvU+Iq1TyjU60Bf1pac4Yc5YS4ZAtGWBMk/drQBOVwJlZrWYkLhsB8UV9K0BUrPGy9cWbng2CtEEUmLGppPjRwpbixUKHBiZRS0p+ZGhvs4irNEvWD8heHpbsyDXznPhYFOyTjJc13olIqzZCHBouE0FRMUjA+s1gTjaRgVFpqRwC8mfoXPPEVPS7LbRaJL2y7bOifRCTEli3U7BMWgLzKlW/CuebZPAAAAAElFTkSuQmCC"
01JH1Y5BZ6X6905965FF8JXRZ1,lP0}Fx&>)A8,Ermin,Pasby,1988-02-11,658-356-0762,epasby1j@kickstarter.com,8 Judy Street,1,"data:image/png;base64,iVBORw0KGgoAAAANSUhEUgAAABAAAAAQCAQAAAC1+jfqAAAABGdBTUEAAK/INwWK6QAAABl0RVh0U29mdHdhcmUAQWRvYmUgSW1hZ2VSZWFkeXHJZTwAAABjSURBVCjPY/zPgB8wMVCqgAVElP//x/AHDH+D4S8w/sWwl5GBgfE/MSYU/IfpheiEwTNEm5D6H9lmBLxFtAmR/3+h6YWY95xoE7z/o+uHwM9Em2D7/yeSzSAICdc/xJhAMLIA+V1VH3Z4v2kAAAAASUVORK5CYII="
01JH1Y5BZ7SJGP7MSXDPVESND2,vV5@&jpe}zJ3,Clemmie,Braksper,1982-03-21,894-193-1267,cbraksper1k@unblog.fr,3 Hazelcrest Alley,1,"data:image/png;base64,iVBORw0KGgoAAAANSUhEUgAAABAAAAAQCAQAAAC1+jfqAAAABGdBTUEAAK/INwWK6QAAABl0RVh0U29mdHdhcmUAQWRvYmUgSW1hZ2VSZWFkeXHJZTwAAACWSURBVCjPY/jPgB8y0ElB+YHyA8UTcg+kLYjfEP4Bm4ILxQa5Dqn/4xv+M/hdcHXAUFAc8J8hzSH+fzhQgauCjQJWN8Q7RPz3AyqwmWC0QfO/wgKJBWgKwh0C/rsCFRgBTVP4/59BMABNgZ+Dx3+bBghb4j8WK1wdHP4bQRUIYlNgs8DogOYGBaAPBB24DrA40Duo8UEA+kT4W+XS/8wAAAAASUVORK5CYII="
01JH1Y5BZ8GMBZ9AWGTCNVF76X,iA5()WqF,Kinna,Clementel,1986-04-05,431-781-8951,kclementel1l@unicef.org,63056 Killdeer Trail,2,"data:image/png;base64,iVBORw0KGgoAAAANSUhEUgAAABAAAAAQCAYAAAAf8/9hAAAABGdBTUEAAK/INwWK6QAAABl0RVh0U29mdHdhcmUAQWRvYmUgSW1hZ2VSZWFkeXHJZTwAAAD7SURBVDjLY/z//z8DJYCJgULAgi6gUvvEWEOVY6aqJJsxw79/DAxIDrxw+9ee/blirnhdYKjHtcpKmd1YiZ+JQZKbmeHivV97+j0EGEGaGf4T4QIZPiYlXhZGsM2g4Pn/FyL+/x+I/Ec4DEA2vv32jwEetjAa6B2YYXgNeHD/Z9iOM19XP3j3h+Hbz/9ATRBbwbH19z9hL9zrkn0PpMIUCh4Jaqpz7IZF8/8/DAwMWKIcZzQ+mCD3/tu3v+8Z/sC88h8aDgRcgAzAfoa54C9WB+A3AORnmCYw/ZdEA/4hO/kvAwMDyS74j4j6//+w6ifkBYQmXAmJccBzIwCU7Hm5Y0odkQAAAABJRU5ErkJggg=="
01JH1Y5BZ9MPQE63ZNPHVQGE0F,fP1|vw$Su,Keven,Ratazzi,2005-09-17,213-725-1710,kratazzi1m@hostgator.com,8 Bartillon Point,1,"data:image/png;base64,iVBORw0KGgoAAAANSUhEUgAAABAAAAAQCAYAAAAf8/9hAAAABGdBTUEAAK/INwWK6QAAABl0RVh0U29mdHdhcmUAQWRvYmUgSW1hZ2VSZWFkeXHJZTwAAAJMSURBVDjLpVPPaxNBGH3ZJCQkVSEkJJja0MSCabHoSUEKerAgggRy0ZP9F4QeDAhepKeeBA8GPFQCEutdCMRSSYkimouIVqUkNW1iyJZN0mR/zvrNwtbUGjw48JiZb773vvfN7jhM08T/DNfwplgsekjwBuEWY+wMzVMEWrKPNH+j+QmhmEqlDJvjsB0QeZrWz0Kh0GwkEoHf74fP5wM/lyQJ3W4XtVoNrVarRLGb6XS6bhF5AkehUFirVqu8nDlqaJpmVioVM5/Pr9g8wbZCm5lwOPzPnqPRKKjItSN3QEFLsdlswuv1wuPxwO12W7F+vw9RFFGv15FIJKzckQIulwt7e3uQZdna67qOTqcDRVGsMx77q4Ddk9PptBzwZA7q2xJZrWYw0PaRmXwBwzj4CL/vwHbAkzmJgydy8JiiqxgPJpF5eR0aUxwjW7AJD98swGQaVKZDpf3JwBSSkQvoyvtY/XE/+HT57tjrRbF3RMCurjMVV2duwzAZDGaATrEjbePs+CX01AHe19al2QdC4JAAB6/OIZNlTq62v5JlipEbzdDQUbo4d2oOPa0vvN0qtQ8EuHX+qehPRKPRIAEZuqEjfHyCyIYltivVEBiL4MP2Bja+l1qqjvlhBwvlcvl5Mpn0x2IxDHQFK+VlugPVchMPTuNifB7vqiWsbRbbso7LO0vmJ8fwa8zlcpMkdI+QFgThBH8LvB3u7LF4xzw/MedY33y1qzDzCpG/HHpMf45sNnuMyKcJjC718yNpUTSY0zdgRvznkrll5/0CZpfQA8IRXj8AAAAASUVORK5CYII="
01JH1Y5BZA9SHVXH0TNXS6C41Q,"yS5)Qt""VCb!TG$al",Mallissa,Houson,1996-08-30,208-691-2496,mhouson1n@mit.edu,444 Beilfuss Junction,1,"data:image/png;base64,iVBORw0KGgoAAAANSUhEUgAAABAAAAAQCAYAAAAf8/9hAAAABGdBTUEAAK/INwWK6QAAABl0RVh0U29mdHdhcmUAQWRvYmUgSW1hZ2VSZWFkeXHJZTwAAAIhSURBVDjLlZPrThNRFIWJicmJz6BWiYbIkYDEG0JbBiitDQgm0PuFXqSAtKXtpE2hNuoPTXwSnwtExd6w0pl2OtPlrphKLSXhx07OZM769qy19wwAGLhM1ddC184+d18QMzoq3lfsD3LZ7Y3XbE5DL6Atzuyilc5Ciyd7IHVfgNcDYTQ2tvDr5crn6uLSvX+Av2Lk36FFpSVENDe3OxDZu8apO5rROJDLo30+Nlvj5RnTlVNAKs1aCVFr7b4BPn6Cls21AWgEQlz2+Dl1h7IdA+i97A/geP65WhbmrnZZ0GIJpr6OqZqYAd5/gJpKox4Mg7pD2YoC2b0/54rJQuJZdm6Izcgma4TW1WZ0h+y8BfbyJMwBmSxkjw+VObNanp5h/adwGhaTXF4NWbLj9gEONyCmUZmd10pGgf1/vwcgOT3tUQE0DdicwIod2EmSbwsKE1P8QoDkcHPJ5YESjgBJkYQpIEZ2KEB51Y6y3ojvY+P8XEDN7uKS0w0ltA7QGCWHCxSWWpwyaCeLy0BkA7UXyyg8fIzDoWHeBaDN4tQdSvAVdU1Aok+nsNTipIEVnkywo/FHatVkBoIhnFisOBoZxcGtQd4B0GYJNZsDSiAEadUBCkstPtN3Avs2Msa+Dt9XfxoFSNYF/Bh9gP0bOqHLAm2WUF1YQskwrVFYPWkf3h1iXwbvqGfFPSGW9Eah8HSS9fuZDnS32f71m8KFY7xs/QZyu6TH2+2+FAAAAABJRU5ErkJggg=="
01JH1Y5BZBX3FZKGGQS4FYSKAN,"zU7>y&,A",Fran,Beuscher,2005-04-13,106-254-7597,fbeuscher1o@istockphoto.com,4677 Mcbride Junction,2,"data:image/png;base64,iVBORw0KGgoAAAANSUhEUgAAABAAAAAQCAYAAAAf8/9hAAAABGdBTUEAAK/INwWK6QAAABl0RVh0U29mdHdhcmUAQWRvYmUgSW1hZ2VSZWFkeXHJZTwAAAIrSURBVDjLxVPLjhJBFD3V3dCYSZjwDipDRjCOCcTgLGalJmxYufAD0E/QHV9g3LjSsGDhik/QjTEaTdgaEsQQINEFJjwEecmr6Yf3lkJmPwsruXWrq+85dc+9VcJxHFxkKLjg0HgqlUpP1+t1drvdXrIsS2w2G9dqtXKzt21b6Lpu+P3+N4VC4QnH5/P5U3Lfy+XyL1EsFg9VVZ1kMhmwHAJIa1Tf4eH96zC+vcKLDyfwRm6i1Wo/Go/HLwnsJWPtZ2oikainUil/JBJBp9NBr9fDcDjE5aMTfPz8E835bdw6vQMhBLrd7gNFUXSPxwNN08RsNrur0alJr9eLer2OcDiMdDoNkgKSglAohEajgUqlgkAggGw2i36/j8lkImOazeYNjQMHgwGCwSC2B0d4/n6FhSlgU366cOHe1Wvwz+eUfgucJQPb7Tai0aiUqvC0WCwQi8Xw+ouBjaPA4yJzK7AUFz79OJDA0WgkwYZhgAq8z1JjAqq2tN+Wm4AqNGouXw9Bk+G4QR2SxmCO4zV7mQGz7Fh5OI79F0wkCpmqCCyXSxlzPoM9wS4DqijcjgHTJv22Q+k5ksiNFabTqQSapilJOJ79noAZa7UaMoc9qOYSG9oziUSxlriy+YpqtbrXvSPZEWjMxidwewLjMc6Oj2VxOGBO1WdivhvJZFLusf54PC5lMYHI5XKPqa/P6EP3+XyCry4T8E/2BHDoEIdv6fmH92/9Vvz31/gHd9iUVZFEDKoAAAAASUVORK5CYII="
01JH1Y5BZDDVC6M30DY9TTD51K,iS8?xIe`|oY,Beau,Briance,1984-12-26,533-324-6350,bbriance1p@usda.gov,129 Monterey Center,2,"data:image/png;base64,iVBORw0KGgoAAAANSUhEUgAAABAAAAAQCAYAAAAf8/9hAAAABGdBTUEAAK/INwWK6QAAABl0RVh0U29mdHdhcmUAQWRvYmUgSW1hZ2VSZWFkeXHJZTwAAAJHSURBVDjLlZPNi81hFMc/z7137p1mTCFvNZfGSzLIWNjZKRvFRoqNhRCSYm8xS3+AxRRZ2JAFJWJHSQqTQkbEzYwIM+6Yid/znJfH4prLXShOnb6r8/nWOd8Tcs78bz0/f+KMu50y05nK/wy+uHDylbutqS5extvGcxaWqtoGDA8PZ3dnrs2srQc2Zko41UXLmLdyDW5OfvsUkUgbYGbU63UAQggdmvMzFmzZCgTi7CQmkZwdEaX0JwDgTnGbTCaE0G4zw80omhPI92lcEtkNkdgJCCHwJX7mZvNaB0A14SaYJlwTrpHsTkoFlV1nt2c3x5YYo1/vM9A/gKpxdfwyu/v3teCayKq4JEwT5EB2R6WgYmrs2bYbcUNNUVfEhIfFYy69uci+1fuRX84mkawFSxd/4nVWUopUVIykwlQxRTJBTIDA4Pp1jBZPuNW4wUAPmCqWIn29X1k4f5Ku8g9mpKCkakRLVEs1auVuauVuyqHMo8ejNCe+sWPVTkQKXCMmkeZUmUZjETF1tc6ooly+fgUVw9So1/tRN6YnZji46QghBFKKuAouERNhMlbAHZFE6e7pB+He8MMw+GGI4xtOMf1+lsl3TQ4NHf19BSlaO1DB9BfMHdX0O0iqSgiBbJkjm491hClJbA1LxCURgpPzXwAHhg63necAIi3XngXLcRU0fof8ETMljIyM5LGxMcbHxzvy/6fuXdWgt6+PWncv1e4euqo1ZmabvHs5+jn8yzufO7hiiZmuNpNBM13rbvVSpbrXJE7/BMkHtU9jFIC/AAAAAElFTkSuQmCC"
01JH1Y5BZEQHE80JQQ4GAM1Z2N,iL2?6xF%iGt,Jarrid,True,1998-05-26,690-696-1111,jtrue1q@howstuffworks.com,34 Lake View Parkway,1,"data:image/png;base64,iVBORw0KGgoAAAANSUhEUgAAABAAAAAQCAYAAAAf8/9hAAAABGdBTUEAAK/INwWK6QAAABl0RVh0U29mdHdhcmUAQWRvYmUgSW1hZ2VSZWFkeXHJZTwAAALhSURBVDjLdVNLSBtRFL1vZpKYTCQdUZNUMGahJbTF0roxG7NoqXQZKG6EQrV0Z6kLF0pDDSguxO7aRejKLLW7brRgiSWKVcFgq2JDSUJsYmKi0fw0M+m9Aw0KNnBnwnv3nHPPeW9YtVqF637r6+sDlUqlX5ZluLi48Ltcro/X9bHLBKFQyIGAONYZghOtra1NtL+6upoyGAwWXDMiWYvb7d75h+EugX0I3MamPWwyY8nlchmotFqtTGvn5+d7WNt+v993hWBra2tMFMVBm83GSZJESvtY5lKpBMViERRFIcJ93LegFa6xsXFwenp6jLACPZCVSyQS5IWRotlsFjmOI++qisPhoHWR9iKRCAQCgSqSc1cyCAaDEyaTaZRUKbiTkxOIRqOg0WjAbreDIAgqYaFQILuTIyMj6gQMA9rAcZuxRIvFIuXzechms0S4gv89Op0O0Ja3q6urm8TQKiwtLWWRLI+YQwEf99rb27mjoyNVlRSTySSgBc/U1NQXUvH5fLS2iAJAfU6nU0Kb0szMzE2OxiJvSKSOTipGoxHQTu14qYf2MUy1BzMDmpTssNnZ2Y10Ot2MY4qdnZ0SpY7HRj5XEOghMJb3AYt3K2ufoJKIwZm2TtnTtp2uaTrCtRDn5+cnrFbrKClRYHQKsVhMVWxJboIpHoQOlxt09ttQDC3Az+VFObu781olmJube4Mq4zgBOz4+ViegohOhsfPv+sD57BXow18B4t8ATDcgLdhgc2H5t3oPMAMFA2J6vZ4uFYTD4TxOYOjp6WFEAOkDqLPYAZ4M13IR3lqBV1hbzYLX6/VlMpnnGM5hQ0PD/fr6+s3e3l66lZAcfyQ/fNrHi9HPUC4moID9pzkedsMQr30LHo/nBb7u4Oi3MIMkKvO5XA5SqRREpLvlHyuByp+SHnK8BrIZBr/iTEbp9+x/n/PQ0NAAgvvpiBlj/mHN96Z85uAlLzObzFfjiPrweKEy+RdV4845vRqFoQAAAABJRU5ErkJggg=="
01JH1Y5BZFA4FRYS716KMBNXB1,rL7(x~wj,Dulsea,Barenskie,1980-06-19,928-205-5786,dbarenskie1r@163.com,5 Farragut Crossing,1,"data:image/png;base64,iVBORw0KGgoAAAANSUhEUgAAABAAAAAQCAYAAAAf8/9hAAAABGdBTUEAAK/INwWK6QAAABl0RVh0U29mdHdhcmUAQWRvYmUgSW1hZ2VSZWFkeXHJZTwAAADxSURBVDjLY/z//z8DJYCJgUJAsQEsMEZ5efn/f//+Mfz58weOf//+Dce/fv2C0yC8d+9eRpA+RkrDgAWZ07rx3ZVqfyEdEDs2NvY6so3o+MyZM5pwAwL67msqSLCv4WFjgTsHqEgRl2YQhgFG3867mpJirIs0JdlNmBiZGR6++c7QGyXDSKwXwGHgWHldU1KOYy03B8e/2YmSYC94enpegdn28+dPuM0wbz18+FAH7oX97ZrXgZRW9MxnV2Am//jxQwXd2cixgeICqsSCt7f3f3yBhpwmQPjz589UTge2trb/sQUWsq0fPnxgxBoLA5qZANTo8jopO/z6AAAAAElFTkSuQmCC"
01JH1Y5BZG122NYJNDYM37DYXW,zR9#|aBmsY%,Yelena,Mowle,1991-04-22,502-193-0997,ymowle1s@cdbaby.com,2 Judy Lane,1,"data:image/png;base64,iVBORw0KGgoAAAANSUhEUgAAABAAAAAQCAYAAAAf8/9hAAAABGdBTUEAAK/INwWK6QAAABl0RVh0U29mdHdhcmUAQWRvYmUgSW1hZ2VSZWFkeXHJZTwAAAJaSURBVDjLpZM7aFRREIa/u7mbNW5IjEQ3WQlBIkaLiBYWvkBi7H0EDGgjaiNY+uoECwlop2glWGknNnZBIRKCZMWooCz4Im6uya5iNnsf555z5lishYVKwCmH4Zv//5nxnHP8T/l/al66X3VWhNSAtUJqBGWEe2f7vBUBVCrs3bIaI4I4MNbxaKa+cgWxFlIrVJcM2jo621poxLJyQBgbUiMkWjDWofwMy7H5M8BdPt9MUQSnDU4boo0XUakj0Q5thFVZSz2x/1BwYARE8KzFs5blWUEZR6ws2kJb1lH/mwWnDZ4x8KIERsO27TTilEQLUdq0kLR6mFj/BaDSJkAloA1ow5JyKC3EStDW0Z4TJBTOTZx0OjWkqUYnGqU0viSKjDGQKNCaJIoohDN45a/sKqyl/GmRSIZpTVN6ZjZRXF9ksbaI35Pj6dJjfIl/bVYKrRQPXr/h0JZ+jh07QRiGDAx8YWLyGQf7YPTwKFk/SxAElEolzDvwJUogTSGOmap95/1AF0eHh7lw9Q7fPpco9vYwNDSEDgNuXL9BEAR0b17H6SOn+Dj3Ad9FMfyyMFtfJt/R0Qxn63Eab6cYGxujq6uLRqNBtVrl5u1b9O1szqzpWIMvUQxaw+499Lx6zXQQALD88i4ZTxgfHyefzzcPLAzJ4KGfR9AHc5UveFdGrjnRBqcMdfWDSqHCjv37KBY30NmeYWFhgXK5TC6Xo7+/n0KhQD1MmK9UeDI5jff7Ow8ODrb09vYO5fP5h8VicV0ul2sBMrVa7QxQ6e7ufghklVJ2fn6+Gobh4Z8+rmPjNq74hgAAAABJRU5ErkJggg=="
01JH1Y5BZHZBZQY2CENJVK3NBR,vE2..SsiSajkH,Ford,Richardet,1982-06-12,329-364-8321,frichardet1t@uol.com.br,49616 Schmedeman Crossing,2,"data:image/png;base64,iVBORw0KGgoAAAANSUhEUgAAABAAAAAQCAYAAAAf8/9hAAAABGdBTUEAAK/INwWK6QAAABl0RVh0U29mdHdhcmUAQWRvYmUgSW1hZ2VSZWFkeXHJZTwAAAInSURBVDjLnZPPS1RRFMe/b3zk5DCVmlq+0ZBCoTEXWkEELmzhqiCocNWyTav+gfoX2gq2bhET/VgUIczKoVUGxthIKqX1tAmG+cGM7/56nXvezDCtDC9czpl7z+ec7zlznxOGIY6y5p/N3ZVKLcb+J/j+23uphczt6x3wLYKfe0Nne53DFBB8QQiZFkK8FFLNSynjBL86MzDY9X13t3qoAoJ7Cc6kBrwYwR8Ifn3OSzFM19POYu4xSzAmpG2gaRutQYFQStOW+H1Qhh9WcTKZRK1exy9/D+nEEI4hBjdtPAwPX2pXtC2FoWlu6yv2Pxe/YulLBk7o4MnVBzgdP4H19WW4LTAIqgxYFRGsyddtez7ej0cX71AFg+NaQWsJKRtRAgtYsKfnFEZGplGvl7C/X8Do6BU6l1hbe4PJyZuY6nKxsZFFqfSDz5UKELM92grGKIa3tz/SxQHBl7G1tYJa7Q/Gxq5xcKGwTEX6eC6RAkqgteI+7YFdlYqPzc0VNBolTEzMIZHog+/nkUwOYnz8Bsrlnxxri9pCMWMa0NyTTQS+tBXy+ffI5ZZ4Lp43hWz2KXZ2PnErVn7EBHCtDCtfa8FDmZlZYGlC1EhuP99VKnuYnX3IfrH4jeGobQ3X9hZlE1hdfdGeRyug85+wtjXwyCq4QRCwpO7uREewafqm/bv1LujJNW30CZCCBvX7jvtWys4hIGvfg+AkkVzFQGT/Xc5RP+fW+gsEgchGXj0/PQAAAABJRU5ErkJggg=="
01JH1Y5BZJB3BY32364K7HCFN8,wJ4\={W4*mPt,Tabbie,Lennard,2003-08-08,818-174-4636,tlennard1u@ustream.tv,11453 Bunker Hill Park,1,"data:image/png;base64,iVBORw0KGgoAAAANSUhEUgAAABAAAAAQCAYAAAAf8/9hAAAABGdBTUEAAK/INwWK6QAAABl0RVh0U29mdHdhcmUAQWRvYmUgSW1hZ2VSZWFkeXHJZTwAAALpSURBVDjLdZNrSFNhGMf/Z9uZnjldy+lKKF2ThsqULgZdLAIrKTHKMLvYhS4fgiKLoi/Rx6LID0aIaRAUpQSFEcIMiS6mhoFmN0duVpo6azd1m+852+lZSeSlF36fHv7/532e//ty5eXl7yKRSCrhqqysNGOWU1xc/EEURbMkSY7GxsaMf2sqEqaHw+HbxOHS0lJ5NgMSR6kgCqbXVCSMIbaTu5h0qEKKVcSASTJYBDiSdB0LtEDZyVYVidcRmdMNFCR8S1QR9tf8DWFc8AkKjUGQBYPgRLagE4YExthn4hbRNeMGJEwg1hGSju/Ei/EOLFdehSJsgc29DV1eKxg7IFH3nYRuNgORcFLRaowBchO18LJjGAtkw+3bCPtoUnT+COFcnRU299zdJSu1Voz/eAYuNLA/OhubNMjaZDRDzWkgwYRx3QiQcgcRTsRNxrAnPxC3d/O2+YIhDzrTEnidFnxqqr0cNUggthqNxhzbmYFZMlBgZUYwY/++kmydfgXcvR+pCUN8wjxoExfqogZ+osHpdEqWCw3LBEpBDAOMAj1kqEaK3AellK7WmwswMVgHtYbDl85PEEPsZyg4tkpBm1UTJkLZNnER/rADkXA0e2BkxA1e4qBPL0Toew043gNeG4/YQO+w6B/Mzz3+wB414CcNuD8pnIBX7MG84UewxvqgSy9CaKAKCl4E86fB9bRtlI0GCpeeetL5e0C6vo+oJ/hoCkX0csxiGXbMeY7krC1gQ7VQqmVM+FPR39wakYKB7MWn2zv+xkidc0i8m0hbb0iVld3fkavawElcMga7r0GfrEbIvQBfm1tCJRVdsfZ+b9+UFZOBSNTwPK9pOjfMaT56uMw1RxHz7SXsDS3otLnx4p4NVx72nu1zBbwzMiKxg6j2eDxv6urquJ7PQxJ7/ximnDzExVkw0NE9dr7e+eV+u6uS/szP6QacLE/9gCVr5waXLjKqVmSYIPMTr4KukYOFl9468J/zC7f3tq13JhENAAAAAElFTkSuQmCC"
01JH1Y5BZK0YJR8Z1ZQFYENP3W,kX3}C!YR+s='|8`e,Ara,O'Dowling,1983-05-05,674-769-0413,aodowling1v@boston.com,6 Sauthoff Alley,2,"data:image/png;base64,iVBORw0KGgoAAAANSUhEUgAAABAAAAAQCAYAAAAf8/9hAAAABGdBTUEAAK/INwWK6QAAABl0RVh0U29mdHdhcmUAQWRvYmUgSW1hZ2VSZWFkeXHJZTwAAAH0SURBVDjLxdPPS9tgGAfwgH/ATmPD0w5jMFa3IXOMFImsOKnbmCUTacW1WZM2Mf1ho6OBrohkIdJfWm9aLKhM6GF4Lz3No/+AMC/PYQXBXL1+95oxh1jGhsgOX/LywvN5n/fN+3IAuKuEuzagVFoO27b1/Z+BcrnUx4otx7FPLWsJvYpIM2SS9H4PqNWqfK1W8VKplHlW/G1zs4G9vS9YXPx4CaDkXOFES4Om4gceUK2WsbZWR72+gtXVFezsbKHVamF7ewtm/sMFgBJZhd6pvm4kDndaAo2KOmt5Gfv7X9HpdNBut9FsNmFZFgPrMHKZc4DkjHyi6KC3MZNehTOuGAH5Xx5ybK/Y3f0Mx3Fg2zaKxSIMw2DjT0inNQ84nogcUUQJHIfZquNT3hzx46DBALizg2o01qEoCqLRKERRRDAYhKYlWRK/AJdCMwH2BY28+Qk8fg667wdXKJjY2FiHaeaRzWYQCk1AEASGzSCZjP/ewtik5r6eBD0dM+nRSMb1j4LuPDnkFhZymJ/PsmLdazmV0jxEkqKsK+niIQ69mKUBwdd9OAx3SADdHtC53FyK12dVXlVlPpF4zytK7OgMyucNyHLs8m+8+2zJHRwG3fId9LxIbNU+OR6zWU57AR5y84FKN+71//EqM2iapfv/HtPf5gcdtKR8VW88PgAAAABJRU5ErkJggg=="
01JH1Y5BZNBHTZGQPHDAZYWNCX,bF0(%yzX,Giovanna,Darter,2003-08-11,463-483-0661,gdarter1w@theatlantic.com,3348 Victoria Hill,2,"data:image/png;base64,iVBORw0KGgoAAAANSUhEUgAAABAAAAAQCAYAAAAf8/9hAAAABGdBTUEAAK/INwWK6QAAABl0RVh0U29mdHdhcmUAQWRvYmUgSW1hZ2VSZWFkeXHJZTwAAAKQSURBVDjLbZNNaJxVFIafe7/5KTPzpUloNK0tIsowCtbiQgRRQReudCMVqYrdiLgQ01UrWUgXXZQumoU2myyKii66dOFCEUo3IiL+VRMFHactYpsMmsy0mbnnx8X8tEn7wuHAudyH97zcG9wdgKWl9zNgl7vvrVar51T1PndHVQHDzBCRFGNhqd1ePXb06PF1gALAhbONF+7PanPtymtP9G2iVK3WmJjYibtjZuNupsWVlYtviaRTwABw4WzjEPDRVGMy/vt3QLpCu73G2toqZoKZE2Mkz3PyfBKxgKplDFUA3rz7wL5Y2lnigdrHiDhuRlaoYJslrv3cWb7cfehka/3BxUY93+EGqolbAU/tqz+K2V/MzFQAHZYQ4146v55v/NPd81UxL6uKQgyY2RgQB025fOUPCC9COAjhJVqt38BlcKpKb/M65kbq9YfB3nQAGOVSxqXWCXDBSZTLBWAAMDOKsYibYURE0naAMjOzC5gc2Pc0vDwApJTQGx3UDJHNLQ7GK1xq/Q7hFQivQjzMn82LY4CqhiwWw8BBQNW2OxBK5Yxm812whNNnx5YVtBBkoxICkLqYbcugt9Fh9+xj4/RHtblxA7EMVZsOYZC+qqMqWwBHfvr829OjgRNIWkIsIhb54cr+r7Ms+3Bqanr0GjHzm4AnDy8vAAujwfz83NTs7O7z3W7nYTOjH3uPp7RuWZYNHdhtDrZIVda/8+fPWa06nfWvfjJxdfFTEd2zvPzLZyn1CCHSrx954/UPWi8DC2H0G2/VM8ebzeceqd375fer/9WvnTgDVET0oLsWzJDmPe/lzx64K//ix43WHQH1t1fmgLkC/TNPy8lFM4vuWhGx6G72TXX+UAqVd4DT/wMfm3vSJoP5ygAAAABJRU5ErkJggg=="
01JH1Y5BZP5G3AKWZYAG8W373H,uG5_agR<~,Jeromy,Haskey,1986-04-24,227-354-7915,jhaskey1x@psu.edu,7 Hermina Parkway,2,"data:image/png;base64,iVBORw0KGgoAAAANSUhEUgAAABAAAAAQCAYAAAAf8/9hAAAABGdBTUEAAK/INwWK6QAAABl0RVh0U29mdHdhcmUAQWRvYmUgSW1hZ2VSZWFkeXHJZTwAAAJFSURBVBgZBcHda5V1AADg5/d733Oc7tjOaNs5GC6KdrEwmpPRxG7spoKghOim7oK8y0MIEQRL+geGEIQ3UXQvSJ8IafZxUbjQhRDZoU60iYsSc9t5v87b84TsVe3mrBWpHoCICIAIACixYTUfOJM2Z62YO97TOULSIKaEQAyESAzEgISAgLpi48de87MLUqmezhGyhO4SCW7f4O81YiSJiCQIkbqmNcXMIjMXeilIGsQxDp8AnKDY5teL3PyU6h4CdY3Av7cYu58R0QghZWeT9fP0v2V7i8Y4j77As2c5sAwIFAXDgjInJxURAzub/PwxMZBGphZYeIWJWZ44xdo5bl4kK8kzioohUUREd4kXP+Kpd3nkee72+epNBleAxdfoLJBlDEuKkpxoBAkBjXGm53n8ZZ45S/shrr7P75eBo6eo9zAsKCqGRBEB/1zj89e5eo7tLRr7ePJtWg9wZZV7t2i2OPQcw5JiRE4UESN1ZPc2g0tceos/LtPYx9HTaPDNe8Dhl9gtyStyUiMIJDXLp2m0GHzN2gdMzdPq0F3k+pcc/4+x/UwepKzIiSDWTB/iwBLT8xw8xt07rJ8HHj7GbkX/B+DBxyhrciIQ2N2i2AG2fiPL+OsXoNVlWPDnDaC5l6qiJJWjLlHxxRs0JhhcIyvp/8SHJylKdiu++4Tr31NW7B8nkrwzp627d9nkHM0Wsea+GSY6tDvESEyY6TIxyZ4GSUp/nTubqyF7WrvZtaKrZ4QSQ+TIMUSJHCVypGhaHW448z+h1tLAgvKk7gAAAABJRU5ErkJggg=="
01JH1Y5BZQQ1PDNS4MDYJ2A921,eQ7_f\o'Llhma,Bonny,Beardwell,2003-10-26,366-156-8266,bbeardwell1y@independent.co.uk,0301 Maple Point,2,"data:image/png;base64,iVBORw0KGgoAAAANSUhEUgAAABAAAAAQCAYAAAAf8/9hAAAABGdBTUEAAK/INwWK6QAAABl0RVh0U29mdHdhcmUAQWRvYmUgSW1hZ2VSZWFkeXHJZTwAAAJwSURBVDjLpVNNaxNRFD2TzOSTpFgZCg0JJPEDCaK48wNaEzS4cOlCsIgEXHWrCC3FRQXBP+BWCrpyKcZImhZmYdwVUaolIWXSGGPJpLHNJJnJjPdNnTBFXDlwuPe9eefcc98HZ5om/ufj7aRcLhdHo1Fa13VQBItOaJrmzFdzuVyG8TjmgMgzfr9/LZFIYDgc/lXF6VIQBJRKJciynJmfn1+1HJDq0uTkJJrNJrxe75jkJLK8Xq8jHA4jmUyiWq0u0PQqJ0nSTCAQWIvFYuh2u5YDG8wuI3IcB7fbbVUPhUIIBoMoFouo1WoZnvpZEkXR6pEt8vl8FuzqTicsGoaBfr+PVCqFra2tBZ5VUVUV7XYbg8FgvIhtJIv22J5jY57nMTExYTlkAmlWWVEU9Hq9I4R/CbAWIpEIc53m7eMpFApHBJyWnTmLjMxOzHaAr419tKayWLw7i82WjoDHhV/tH/jwZQf13X1cPR/FyUQc7Z6BM1MCll+UIFV6loCLOagpJu5lU2h0DfSGJrw8Z5GvnRLw4LqI9Q0Zfg+HgW5iW9GxNHcR8h7GAvnKdh0+Dw9tdLjbLg6YPRfF+28anhV+YoZydXj4TxsBfc1Eq9Vie5K3buLtp+/uXElNr1y+cBq6YWI67IZfcEFwgxwZ2Gho6Kq0kaQRPcbThZLxWqo8Jr0nrj8X7a30uZGX6zs4cZy3yCMSPqCqHdWEcmAg7HNR/zw6u01G/kicl68eZXXOviTkIk5hmXDr/o2UcDYuQvAIGJDd74qKzl4Xz9980lkxwkMib44fk/2RiEDhEmGOcJMgsjUEmbBOWCGsEXn84n4DYCewx+p/CvMAAAAASUVORK5CYII="
01JH1Y5BZR9RFH9MSQ19T8EYZF,lY1/E!tyrx\pG6+/,Carly,Reeme,2001-06-26,935-619-3175,creeme1z@eepurl.com,089 Graceland Trail,2,"data:image/png;base64,iVBORw0KGgoAAAANSUhEUgAAABAAAAAQCAYAAAAf8/9hAAAABGdBTUEAAK/INwWK6QAAABl0RVh0U29mdHdhcmUAQWRvYmUgSW1hZ2VSZWFkeXHJZTwAAAElSURBVDjL3dM9SgNRFAXgM/kxPjQRLQIWFoHZTSAuwNbOeiCNbsBmQBBEmyCCLsJCQbEVwcI0KUxpKZlJ7jnXwomNipFg41nA9947977I3TFPSpgzfwOc3Y3D6W3eB4C9i2F/9/w5/AogPTEhBgDJY8qTmYHeTd4yedf4Xq4kkOomvUFrJsDo6fpKKUwBk2NjrRKMSn8ETq6zdiNEnUYtwhQghVAGVpfKnZ2jp/a3wPFVFoye1msRcgNM0xsJrxmxWAbMlG4fPIYvAaMnzXoprpYBo4MqnmDCaCyYEc1GNTYq+QQcXo5aRu8uL0SYFKdT04kQ2ZgY5QLkINXd2r//KLRSFJVSCA/DCeiABKhYcaMweMkgCpRD7kHyFMAmAET/9C/8Jm9+37CM1tkN3AAAAABJRU5ErkJggg=="
01JH1Y5BZTK1RWT0Q8YD1G0YWY,nL0+Y3#bD%f%O,Eleanore,Cleworth,2001-12-04,176-296-9095,ecleworth20@odnoklassniki.ru,16962 6th Drive,1,"data:image/png;base64,iVBORw0KGgoAAAANSUhEUgAAABAAAAAQCAQAAAC1+jfqAAAABGdBTUEAAK/INwWK6QAAABl0RVh0U29mdHdhcmUAQWRvYmUgSW1hZ2VSZWFkeXHJZTwAAABbSURBVCjPzdAxDoAgEERRzsFp95JbGI2ASA2SCOX3Ahtr8tuXTDIO959bCxRfpOitWS5vA+lMJg9JbKCTTmMQ1QS3ThqVQbBBlsbgpXLYE8lHCXrqLptf9km7Dzv+FwGTaznIAAAAAElFTkSuQmCC"
01JH1Y5BZV9N22D206BCTESPH9,fZ3@H3WG\L,Charlene,Langtree,2005-09-12,828-320-9362,clangtree21@miibeian.gov.cn,0511 Golf Course Drive,2,"data:image/png;base64,iVBORw0KGgoAAAANSUhEUgAAABAAAAAQCAYAAAAf8/9hAAAABGdBTUEAAK/INwWK6QAAABl0RVh0U29mdHdhcmUAQWRvYmUgSW1hZ2VSZWFkeXHJZTwAAAIjSURBVDjLY/j//z8DJZiBqgb4dN1jDpnycL5Xx111z7a7/JVrnn8Aibs13DKrXv38t0/b3XkEXeDVdjetZOWzJx7Nd4y82+5McKm9pVm56tnPgK67a4n2glvjraicRU/vudTc5AzsurcmdOKDg3i9YGdnx52VlVXa2tr6bt68ef9ramoeJqXnXwHJ5eTkSAD5d0HiIHmQOpB6uAFGRkZsPj4+XRMnTvz/4sWL/3fv3v1/8ODB/42NjfdACqqrqw/dvHnzB0j8yJEj/0HqQOpB+sAGGBoa+hUXF3+4evXqu4iIiG3e3t5/UlNT/0+aNCkPpCA/P/8/iA8SB8mvWLHiIUg9SB/MBV1NTU3fJ0+enA5U+Mne3p5j7969HOfOneMAKTh06BDH2rVrOYDiakD5JyB1IPUgfWADdHV1M9PT099PmzatJCgoaKejo+MvNze3/4GBgf9BCoC0PogPEgfJg9SB1IP0gQ3QBAJfX9/rvb2971etWvV23bp1/6dPn/6/sLAQbEBFRQWYDxIHyYPUgdSD9IENUFNTYwY6z8DLy+t+SkrKl+zs7O9A/DM8PDwOpCAhOfc6kP8JJA6SB6kDqQfpw5kOPKtvHHTIu7JGL/wMZ0DzrXvaIaejiM4LTgVX1yZOuvdTN+yMplHk+QmaIaeNAhpuPlEPPJFG0ACr9Ivz4ife+60TesYMxA9tu/UBqJFfPeCEulHk2fmqfseZqZ4bAf27e9aCOQHGAAAAAElFTkSuQmCC"
01JH1Y5BZWM6QTS8HKA30VEHAD,"pN9>o&PR""+V=!Z",Meris,Christophers,1994-06-09,988-552-4194,mchristophers22@hibu.com,5639 Morningstar Pass,2,"data:image/png;base64,iVBORw0KGgoAAAANSUhEUgAAABAAAAAQCAYAAAAf8/9hAAAABGdBTUEAAK/INwWK6QAAABl0RVh0U29mdHdhcmUAQWRvYmUgSW1hZ2VSZWFkeXHJZTwAAAJTSURBVDjLpVPPbxJBFP5md4Gl/HAJULHogRqUJiVpw8GYmFjhoDcPHIzRBO+Gk8c2HvwTjCfryaQcjDZR08hFwsWD1DZGQhSLaUk4UDkYUQSWZdd504Ct4dZJvrzZzXzv+957M8yyLBxnSTjmUkabarX6djgcJjlgGAYGg8EYuq6P0e/3KRYymUyKeIxK4OTLdru9GAwGxaH/1+EybTYbisUi6vV6KpvNFoQDrnhf0zQ0m004HI4x6TCR9o1GA16vF5FIhESX+e8CK5fLQt3v96Pdbh+xS6UQkTEGWZaFusfjgcvlQj6fR61WSymkTtapVjqkqqrASF3ETgX4+Q6m9yZM00Sv10M8HkelUllWSKnT6aDVaokGEYEOUTMpMkvHGbaB6dkUdqrraBqLUBQFbrdbuKQESVKiDyLxkoRlSTqY8FmtjkDiErynFjH16RnsmEF3GEA4HCZOUiJVqpVACUagb5W1EXbuwRPQMGy/wumFO/DpWxga+njEIsGIRJZjsRii0ShmZyOYD7UwM38D6G2j9HQNbq0LtfsNU/quOEsJFEpAE6AEo9EJ/PoCTZ+Cx/eHq+/ybvK+/N5EZOkeBoVVnJxOC5csl8u94bVcO3TLMNC7uODbxELqNlTbe5h64+AyMBtkVwL7OxLWX25gs+nPs0mPafvx0t3A3PVHoXNOrlrijnRsvfiMRHoOTD4BOK/iw5OV75ZpXpmYoPTwYiN+ay0sS3uwjB90G468P9l5HvuVj/j6+sFzZdILM/q6ur2a7lom7wVv1j9Y4wiKlhX6C0eqiNj1HMM7AAAAAElFTkSuQmCC"
01JH1Y5BZY94G4YQCG2HRJ89Z3,"lB7,A$NM*U=""ne",Angel,Ovise,2003-09-20,602-128-9078,aovise23@t.co,00087 3rd Junction,2,"data:image/png;base64,iVBORw0KGgoAAAANSUhEUgAAABAAAAAQCAYAAAAf8/9hAAAABGdBTUEAAK/INwWK6QAAABl0RVh0U29mdHdhcmUAQWRvYmUgSW1hZ2VSZWFkeXHJZTwAAAHbSURBVDjLpZM/a1RBFEfPnfciq4uChLgrWChaihBYbAxqBD+AgrGwVBDRxipgH1AMEQJpbawU9SvYCRaiEmOaBUkRDRYBwf3zZt691+K9DWuXxYELwzCce37MXHF3/mfJtYcv789d7jzZ7XvTHTDDzVBT3Bxzw1Uxd1wVNePIgdTb3NxefLuysJZ3LnRWpxrN0GpM1LjZ6+sqsJb3k4f+7p+J1QfJA0Du6izdOjMx4M7jLSqAGwCxVBxwc9TAcMwcNUNLr8qNqM6p9mHUtAJQv4IEQdzxILg4YkIIgkhARJHMySyQl9V9K2vAiBQAFwGBzMEEzJzMIUhGLqDiaKiMTa2OYPU/EAH3f0Ai4OqYgAsQhMyyCjCKMNpUDKk2YyDLhcV3t0mxJMZEGiZe3HyDWWUQypT2DEYAkbp9Ha0YJi6dnGf+9BUG/QKAMpV1hDpLBvhYlHGjYlBQlAVREw1psPlzA68N8pEKgNQ16r78folvP9aZOXiMYRmJGpk52uLB87ukvAXcIN/+vvXq3rO0YKqYGqqKmaEpYX6WeGKDQ9MFRRoSNbLza4fe7ymOl9dfA8h+pvHq8sUv7en2uRgT3W7388en67N71vsd5/OPZj+kYUqfVr7OjZ//BRjUGmnYsJxdAAAAAElFTkSuQmCC"
01JH1Y5BZZCVPZAJ47QP4X9THP,rG6_OXZbpMxd,Barbie,Viant,1985-08-18,798-114-1886,bviant24@ameblo.jp,82 Main Hill,1,"data:image/png;base64,iVBORw0KGgoAAAANSUhEUgAAABAAAAAQCAYAAAAf8/9hAAAABGdBTUEAAK/INwWK6QAAABl0RVh0U29mdHdhcmUAQWRvYmUgSW1hZ2VSZWFkeXHJZTwAAAIbSURBVDjLjVPPaxNREJ79Qena1EO6u/GQ9CiFouCp5FQQET0KQvBQbA/tqf+BCEXoyauCl7KFHkoOvYimUpToRTyISVtsliImpCwkLUGqxvzY3bfOvO2+bOgljx32vdn5Zr4336wUBAGUy+V7f96/3PVaDnjNKty17DkYbZ1KpVLppu/7n5nbnVDAh7NXK3Bn4/tIaFVV59R8Pm9ns9nV8aOClZhCbwDguu5QIGMMiGn8rGlamCSXy80ggxfMXAAFPPj9qXipkizLHBQtSZJEQsFg7KBgTZroZGEArWc7TSAchXIA4w+sPdQH1xAMDGQgeXD+4aNIQODZjHaRILT9Wpt/Q8wwA3X/rXVVD3glkQD3h7V/vGrA8Bvz0Rf2AK/F7zRQoY8qIAPn+TLczx/xRPF709nzPOFHayeTyfkBg29vrEkj5BkFPdlu4NtHugH4wYUSqNBaziQGE5hXifXgMVfh115RdHr90TUOIkPNBZtutwvVahUURZFlYuA4zmqzsAl/v24BFhQSRXJFDYvAlUoFUqkU+VmMwSLIyKC1W4ypwISRr9PpgG3bkMlkQNf1YRXkL6+thIlN8y9PIDGgygROp9NgGMZgqOIqEIPa0yV4sPeDgwlIne/1etBoNHhV0zTjExn+Cxh041bl3c8rSY0PCzWIgGQRCxpnSlKv1/m+3++HSaKGLV2fmp9OjN122u7JxnHrYNTf+T+76nzVPsi2lQAAAABJRU5ErkJggg=="
01JH1Y5C01SH3C9HCVPDY30X9C,"eB7>0sboQd,!",Raynor,Glazzard,2004-12-15,639-790-1086,rglazzard25@eventbrite.com,1 Duke Hill,1,"data:image/png;base64,iVBORw0KGgoAAAANSUhEUgAAABAAAAAQCAYAAAAf8/9hAAAABGdBTUEAAK/INwWK6QAAABl0RVh0U29mdHdhcmUAQWRvYmUgSW1hZ2VSZWFkeXHJZTwAAAKOSURBVDjLpVPbThNRFOUD/IJ+B6gvJr740mg0JsQUX0yMiUl9MJJIwGBsMOgDQSEz0mANhEIKoqhBBTEpahm5SWxLKTO9WBAKBTqtw9DpDbqcfUprvbw5ycpJTtZae+09+1QBqKrEqS4YdNToMOowHcJ4eGf4k18pPKKjuumFYh75vMbPuIPC4tKy7PX55akFUXj6McI3DCfMxCHubwaH4hODrg2LdzksxeIKVC2H/EGBYTeVRXQrgekFn9QzEbYQt2RSMqgmsU/8pqYzedCnZfeRUHOQdexl9tmdqmUxNedRbWMBMqlmBtQXxabKJfGOksW952HEklmG1mdhRBOZssnE5LR0fSBG7RjIoGZE+M5T7JJ4I5mBqW0Bqztp3OyTcLyuBde6/ViLpxlHjGyCG57hSUsGxumvAYF6pqhUcV1O4+IDD+aDCs7dfsfOM02jzFBJ5bGd1NA79FogLRmYPItLMg0rvptjBkSsa3ez864e/2htM24NBBDZ0liKbP4AA44hmbTMwO31MQOKT6T6XhHHLtxhsYMbKZy3OBGOaQzFFDn09vWXDYyf5v1CUs1gV8tjNvADZ5vH8SWk4HTjK4jRvbJBaDPF/kxwPQnO5ii3UONwhvjVaByFArCyrbGpn7zCoak/wBLUtgrsDERTyO0XMDnrh8X6tjxEQ/3gjtnpmpNkpThlqnajR2QVSWj/EGVJqEBIr97ZbZcuW4PF31haJO6l1zL63qXGEkVici/P+qVEtExUObieQIdtUG3kxn4tUuUqtznmLPbhUWnGE8JqTGEzoZ79KzLGXV60cT1SQ+ebv1e58jFdfbJibnk8zrd39QncI6v8sJOX73fYhMaOEf4SL/77Mf3Pc/4JB00Hw5wBy+AAAAAASUVORK5CYII="
01JH1Y5C024PFFQDN9TPS7QYV9,xD3)e8.sQ6}TT,Chelsae,Wozencroft,1982-11-19,712-453-1013,cwozencroft26@globo.com,4 Atwood Parkway,2,"data:image/png;base64,iVBORw0KGgoAAAANSUhEUgAAABAAAAAQCAYAAAAf8/9hAAAABGdBTUEAAK/INwWK6QAAABl0RVh0U29mdHdhcmUAQWRvYmUgSW1hZ2VSZWFkeXHJZTwAAAKZSURBVDjLpVPdS5NRGP+97tVpw9nm5tpShiSsFhMMImiCQlAOk+im7Ma6UKK86g+oCMKwgi66CLuQ7rqqBRVRQS2aFIFeCA7xQjC3qbkcus/345zTc5aNoqALX3h4znPO+X085z1HEUJgJ18Ndvip84+uJBljezlnYMykMGCaMvRqNgw51t+cvBk78ReBBLeEIxCCQTAOwU1IMkFkgsh4JZuYeT55/J8OpAonkLaZrmzkspZAmUldhtXuxUTjbTy48Z62kFOTvBrm5fjd/oeqtOgJDvy3VxZ7h2vnDoFxgeR63nL/yfQtmv5JcPXlIubTOTCdw9RJgcLUWLXe77OBFKGbAgf9DnS1O3Dv8WdnpQXD0HDRHUexZmnbskEW9ap9We9q9mMkeRj2BgVLq1kEWh0wdANVAk6nzPTSNtCoAmUW2+chAYbJkUjmUSJXVQJdL1eAdY2eyomXS2UklvJIFRvhavFiNb2II5YSFL2A2LNJeFua8WVmA62qhp6eHps6Gf8G8XGC/gQHFxyszoFj/WcwdOEsCoUCksl9eP3qBbpqp3FqYBgN9fVYWVlBvXUab7/bryvyKgeDwcVwONxeLBbhdrvF+eFh5c7YGLa2toTP51NCoVAFlMlkkE6nYbfbMTo6img0uvnrKg9NTU19mpub++p0Ok05MTs7+yGfz5cGBwfR3d2NSCSCvr4+5HI5JtfknqamJqsqB4lEIk7paGdn5yVSGKPx7kAgoGWz2drx8XHYbLaKimzJYrFwuSbrVCpVVn5/jdTKgY6Ojqe9vb172trauKqqzrW1NSwsLMBqtcLv98Pj8dC7MDeWl5drYrHY6h8ExGzxer0hUoxS724CWeSLpd5HpKDL5YpSrtU0jZHTdXJ0+gdZxaA90+h/PAAAAABJRU5ErkJggg=="
01JH1Y5C03QZFPYCW3BNNX2FN7,gP0)!XY`))XZDv/},Bess,Ladell,1993-02-15,881-769-8565,bladell27@furl.net,63 Sullivan Lane,1,"data:image/png;base64,iVBORw0KGgoAAAANSUhEUgAAABAAAAAQCAYAAAAf8/9hAAAABGdBTUEAAK/INwWK6QAAABl0RVh0U29mdHdhcmUAQWRvYmUgSW1hZ2VSZWFkeXHJZTwAAAHqSURBVDjLdVI9ayJRFL0zkZ0ZPxoRFPwF6dZimcYm5W6z+Qspgk2aQAoDwSKwYGWvKyxsq4VlmoUVJBCQNAEJW7swUbDQcdR5b97svaMv+8yYB4d5H+eee96Zp4VhCHJc/DoLvxx/hsfZPQShgEAEOwjggsOnXBl+9H7C3eVvTdYkQBmccRDhlkyFXIjd9z98n6slbwTwkAyxIFBEthAoFp1t2J6Ari4YChiQBEM3UYSDH7AINDeOLLDCNHLY+w5Q4Pbv2KmdZL7Ch9AEjenABAMvWMJCzOHP03PEeVfg5uO3sed7bjFbTNN6a3sb8nq9Bv+FuVel67Fao0nCaDSyOee9fD5fWCwWsFqtIgGCrutgGEaEfr/vbDab00ql8rCXAWOsmsvlCvP5HDzPgwCDJJAAnoHrutF+qVQqoJtqLEQklckNdUYnr90JUmy5XEIqlQJ0UI5l4Pt+lsiyWM1AXe/yyB4SeCWr37dzAjqIvwPcnMlA5d2lfTnXNC1ySNxDAgO6PyUtu6qgPcuyYDKZkNtBTADvVR8Oh45pmpBMJvcyoM4UXiKRgG6366BAPfYOaLTb7XN0cmvbdiGTyUR70s10OoVOp+Pg36o1m83vBwVoNBoNG0Wq2KVMf4bCxaIZYoCot1qtB5X/D8V+vgtcQDdeAAAAAElFTkSuQmCC"
01JH1Y5C04PV0JT4TSTECKQAZZ,vX9&R0tR&xm,Jard,Cullinan,1991-11-29,832-805-8103,jcullinan28@fastcompany.com,26 Grayhawk Lane,2,"data:image/png;base64,iVBORw0KGgoAAAANSUhEUgAAABAAAAAQCAQAAAC1+jfqAAAABGdBTUEAAK/INwWK6QAAABl0RVh0U29mdHdhcmUAQWRvYmUgSW1hZ2VSZWFkeXHJZTwAAABlSURBVCjPY/jPgB8yDC4FilKKDfJXZa6KNwhKYVfQkPW/63/b/+T/XA1YFchd7fqf/j/2f+N/5qtYFUhe7fif9D/sf91/BuwKhBoS/jcBpcP/M2C3gluKrYHhKhA2MEgN2pDEDgEb0f5zlvXgVgAAAABJRU5ErkJggg=="
01JH1Y5C057JFB4PWQ0277QARE,mB8?rny+pn}l)e,Trueman,Redihough,1993-02-02,585-710-0137,tredihough29@rediff.com,29886 Coleman Road,1,"data:image/png;base64,iVBORw0KGgoAAAANSUhEUgAAABAAAAAQCAYAAAAf8/9hAAAABGdBTUEAAK/INwWK6QAAABl0RVh0U29mdHdhcmUAQWRvYmUgSW1hZ2VSZWFkeXHJZTwAAAKbSURBVDjLpZNLbIxRGIaf/9Lfpa1rZ0hNtYpEVRBiNkUiEZFoKjSxQmLBglizIQiJILEgWHQlgkpLGg1BU6E3imorLkElLmOmM1XV6mXm/8/5LH5GI7EQJ/lyztm85/ne872GiPA/ywa40NC3X4TtSnRIa43S4GmNUhqlBU/pUaVQnqC0fnRk89ywDaBFdpeHs3P+5eUDlW8XpgmU1jkAmdU7QQSUB1qB6/rnVBLcFCRdcF0G99bjumrMKIFfPgjkBkB7fon3UyQJbhK8FLyIAuB66rcHSumfAgZ8ToBon0Rrn0T5+6AzyKd5eVi3j7HDuUfnmchWRITTN6PyfdiViw3dIiJS2RgTEZErzf69qiUmg59rJFq/R/o6a0UGIvK1s0paTqyN2QCu0mgRbAuqW+JYlsnVB3FsC2pa4yQSuxjKLmbK3BJ6u17iGCmyJ0wna+rMiekWBLAtgw3hADWtCdaHg9Q+jrO64BVDmUVMKlxDMnoZZ7zB+/ZX9A+ZGMmeRWkC0WCbUPskQWvPcR7eEEI6xvDYPCbNKWMkcg7T8cjIysfxPnC+dwun95a/Nn1HNSJChgWlSwMAFNtDbJw+g4lzyhiJnMXMcEn1F9B9vwNZto/vTggAE/ypA7BMg7qOHnL6PrBYxhEsXkcqVoHlCMn+fLob2mDVSQIFC9M/ZwN4nud7YMKMgTpyJ8/GkyDRZ6eYHHQY6c2jp/Ul5qqTBHLz0VqwTH4TuMpvYcHMLDoaK5i/fAdjPjbyuqaJ9lu9PL/zFKPkEMFQoU9qGWgtetQgSdPBS28Wp5TOzO1KkHpey6xFK/iW+EJX2xvuhg7z5do34GE6C30DI9cBjD/jvGnllOElhdPscNEsJCPZPBxPbCs92vnub6H6AWmNdrgLt0FkAAAAAElFTkSuQmCC"
01JH1Y5C060P5ABB1E92NQ550T,"xF2,MRQP@",Hussein,Mynett,1995-10-21,950-492-9431,hmynett2a@ted.com,61529 Oriole Street,1,"data:image/png;base64,iVBORw0KGgoAAAANSUhEUgAAABAAAAAQCAYAAAAf8/9hAAAABGdBTUEAAK/INwWK6QAAABl0RVh0U29mdHdhcmUAQWRvYmUgSW1hZ2VSZWFkeXHJZTwAAAKESURBVDjLjZNPaJJhHMc9ddulU8ei/WkQRQwanbLD1JweDDaI/q2cDhQWOjGNwXTCBk5BbeRczZZjNx1sNWaBS802CNPDOpgo2y4h4kT8O53x7X2eoUvaYYcvPO/vfX6f5/P+3vdlAWBFo1FecGYYm5q7+Pz0Clgs1s0z5iJpvhYOh4vft0P4sR2A90kX6vX6mUIhGo3m3Orq6tCn6RF8mx+B93EXKpVKS0qlEorFYjP5fB5HR0fHgFYDPzYedP4HaEAaKRQKqNVqrQYbhhGEHFJs3O/E4eEhzcvlfWiW9vGCidq1B/XiHlRMiEUT0DTYOjZYH+xEtVqlIc1L/jRcTN5/SWNxMw2Fc5cCiFWLwfqkFF9fS/BxoIPSSf49dYxpVL5N4PmbBJ1BuVz+c6rB2r0OOiACaDwKCTmRPDtpzuVyyGazRQbQc2IwIUFwdhhrovZm89i7PSgWkhidT0DuiEM29wuyVz+RTqeRyWROmcGWH25hO7xeL8xmM5xOJ4xGI2KxGA4ODpo1k8kEl8uFtra2O02DD+PMl2h5Bq3gFqxWK1KpFJLJJAKBACwWCxwOB+LxOK2FQiG6h81mL7UYLMzNQq0YRWRnB1NTUxAKhZBIJLDZbNBqtXQtEAig1+spRKlUFk4MtGKMPeLBoJugADIwHo8Hn8+HSCSCYDAIj8cDLpdLXyMBMKBqi8HMtAFyiZgCdDod+vr6wOFwIBKJaMia1BoGUqk0Tw1UKtWl5f6rcAz04GE/hyqT01ZWVmC326FQKMDso2tSc7vddAZ8Pn+XRX5nkqGO87fHb1yYHLx+Wc+o/xaLxWWZTFaVy+U1Zli63t5eOXNdIjVyj+zp7u7m/wVntrWV38u6ZgAAAABJRU5ErkJggg=="
01JH1Y5C07XWM601PGVZ26TCHP,"aZ9@Rq`ZjW,",Gisella,Dunkerton,2002-08-29,584-820-7956,gdunkerton2b@blogspot.com,9224 Merry Hill,2,"data:image/png;base64,iVBORw0KGgoAAAANSUhEUgAAABAAAAAQCAYAAAAf8/9hAAAABGdBTUEAAK/INwWK6QAAABl0RVh0U29mdHdhcmUAQWRvYmUgSW1hZ2VSZWFkeXHJZTwAAAK2SURBVBgZBcHLjxN1AADg79eZttvddttll+WxIGrAV4QYTbxoYsSLgjc5arx68qCGf8G7J+NBEg8e9GqURDEmEiOJAWNUwIi8sryWDbSdmc60Mx2/Lxw78caZ1fXVo1EUAYAAACAIgICymrt/7/6P8er66tHPPzklNIJyPgNAENRqAWSzBEFdN9TzWq3y0ckPj8ZRFKmUwuxL6fcXrJzJbJ18xFKv6/LlX1xMP3Nra6jXW3Z3eyiKm0Zp7t1jtWYcaQAMh9uGT7eMkkR2+m9JcluSJEJxQTEZm2Rj00liMkmUeSqEOYI4APr9ndQzi+/v4OPz2m+tWd+zV2d2xaQ8pDfoaUUNcbMlyXIhFAgaQDAcDiXJ2MP1ymilNPn6X6q5OvvZrEhk49SsyBR5alpkQqhBDNDvr1PPDPrLhu89Y+XTbeUre7TXCo9MtzW7+y22I81W0zibYkSgQQB5XkiTzHA0NF6qPHiC/Iv/1FWuMf1WPklMi1SeJubTVABBHACdzkB3OdVfXgbNtx/V+eCsuDpg7+pf8s7ERvcP7daW6eSaqPGOgDgAxsNUkhRI/bZ5x41Zw66DlSdPXbZ5PLUr+kYx+slg8Yj2uW1hNRPQEIKA5cFuFgZ+z0rXpk2DwU53XjtgX7xisrXXoDuycX1B54dLbrQqdbMFYqjr2rmbV13YvKTb7cnzXJKkkqLw61MNh7+6Ijl/3eZK0+3nHzdqBvtbbRAHZGVqq5ppt7qWOn15MdVd6Or/ed2+W5lWkwfPHnbzsZZ2e8HStKCuQUwQQkPPsknItKuOxdC16+I9rc2Jqy8dURxMvHz2oX/27xa1m5irZqWAuCwrVVXZ2PGcjVUCCMIhvMpaCCC8OPdCNBMttESNSDWvlFUlvHni+Hc719dej5oxggAIAAAIAIGyrGzd3Tr9P5JrNp8Zt4rCAAAAAElFTkSuQmCC"
01JH1Y5C086YKGHRMHJ7H7AY3R,uM2.h\75\$#Nn~G3,Nigel,Mussared,1988-06-30,872-981-8967,nmussared2c@theglobeandmail.com,5934 Division Place,1,"data:image/png;base64,iVBORw0KGgoAAAANSUhEUgAAABAAAAAQCAYAAAAf8/9hAAAABGdBTUEAAK/INwWK6QAAABl0RVh0U29mdHdhcmUAQWRvYmUgSW1hZ2VSZWFkeXHJZTwAAALKSURBVDjLjZJbTNIBGMWpth7soa2th24PStZD2bronPPByB6aa805iTFFYonGTC3Imk6YeEGnmXJVCg0UhFIMDf8Sm8IcNa9LEdF0y2kqvKU524rwBDZNW3M+nKfvO7+d7+wjASDtpsLk46zxuvCVBd0JfFaH+l7mhjXcig47uDnf1ZybcDJ+tjnUv9hyDNulzCLX7gnQwDwqWWyPxJKFje/91VgyxmJRfwquOvLXPQEUyYerPaMWrLxXwDeqweoHBRY+ErCVXJrdEyAp4XaGW8td/zbWBv9kO9ZcJnjsEhSnXTX+F5BBCWfJWddWJAwKFHfifRxaxLDkSdZPj5GHLx1CeDr5cNTfxwX2OSIq7/yhHQBm7Ol4Oeu6vzaFgu1qrMmFVFmK7m4CZrMZHRNalNmKESE4q77IOxOyBaihXXY85ySivegu3C2F0PGoMDwVwGohoB2qgN1uR29vL8QOIfTGFjwzVCOGE6XYAsho5NYZm35HYVarFdPT07DZbHC73ZiamoLFYoHL5UJFRQVm5Im7FzZi1cHpdKK1tRVCoRCVlZUbZwwODoIv5mPpxc2/gP1XxPmy/OytwjYXvV4vRCIR7hnoyNTTIauTYn5+HgRBoLy8/I95X6whPYk3smr3AqLXRvAb9dDpdIHiujE3NweVSoVDccqQ4K5cLl+emJiAUqkEm80GKTShnkrNNa91TvpR6gbYg0CaHUh9+wOC5hEMDAygp6cHckW9TyaTLXd1daGvrw/Z2dmqAOAIyVka+Wu4TQreGw+YFoBpWkeKfh1UtR9qtXoDEEwTPCdo1Gg0cDgcQQBycnIOkGbFcUttZQ9BF/QjwwqwugMJTACjE3isJMDhcMDPK0FTUxOqqqqCsWkMBsNPp9PfbTzSp+bMGKI4qSCaqjVFPhgCReAMaByUwjHEFYyAfOPVrPRRehGXy0Vqair+ffffyy28O7WhyP8AAAAASUVORK5CYII="
01JH1Y5C09HNFFPFS0Y7C9QB0T,uY6}Ru_}|BUFs0,Pammi,Schimann,1996-05-12,844-844-0165,pschimann2d@narod.ru,665 Coolidge Street,1,"data:image/png;base64,iVBORw0KGgoAAAANSUhEUgAAABAAAAAQCAYAAAAf8/9hAAAABGdBTUEAAK/INwWK6QAAABl0RVh0U29mdHdhcmUAQWRvYmUgSW1hZ2VSZWFkeXHJZTwAAAINSURBVDjLpZPNS1VhEIefc7wXTNQopKTM4IKRaB+GliQtKgpau3NjRcsIzEW1EQIR2kRUUP9AtHFhi4rAqKBCUDOEkDIQPzIIWpjX7jnvO+9Mi3uvUBAIDgzMDDMP/JiZyMzYjMVs0jYNyDDc9h8NCl5BPIiCdyChWAuAM0ghA0BTzz+z+rcHhRCKsQ+lWODN4xIAYHUZVLFQahDBgoAXTHwx9x4TAfFkd+yHgpUBBmbQfoMoW4N9fIiFQHzoEkiB8LyP+Nwdomwl8uoWtjgF3pcAIkVtppCtxcZuEnUOEIUUnXgAQYmPXqb/WQ/5NM/dg/3E85PrgBjviwA1iDNQvRdUsJUl4uPXidsuorMvSILQUNfM+fFBnAqIQGpkKCRFfapEQNTai319St/UfUwdzgJOhF3bmmiuP8Zqskb30hgjfjdbUiNDWqKpgnp08h5xx1Vk8jZnWnoJpgQNKMbyyiIHGrrIuwInF0YY1SoyFAxSDyg6egVECE8ukIgjmDL/cxavgqjHB8+vdJXDe06Q97/pOPK2BPCeKFQSlVcYAokkSBB21jYiGgimfF9ZYHt1PR8W3zEzN87w9FYiu1ZveFu/LIKBg+6uahLncOpIxJGra6Ezd5aJhfdMfxrl0UwN+5IKoo1+Y+tgvNbeeKrq9ZeX35xyennIPgMbB+QGorWgFVUFDbkfQzZXrv8BKB9RM6Fzq8AAAAAASUVORK5CYII="
01JH1Y5C0B45GDERK3712BZSX7,"hN0""TRZte",Floris,Iacovucci,1989-02-22,380-675-2166,fiacovucci2e@infoseek.co.jp,39 2nd Parkway,2,"data:image/png;base64,iVBORw0KGgoAAAANSUhEUgAAABAAAAAQCAYAAAAf8/9hAAAABGdBTUEAAK/INwWK6QAAABl0RVh0U29mdHdhcmUAQWRvYmUgSW1hZ2VSZWFkeXHJZTwAAAJGSURBVDjLjdJLSNRBHMDx78yqLZaKS75DPdgDDaFDbdJmde5QlhCJGxgpRJfqEEKnIsJLB7skQYQKZaSmdLaopPCgEvSCShCMzR5a7oq7/3l12RVtjfzBMA/4fWZ+MyOccwBM3g8HEbIdfCEhfAFnLVapOa28Uevpjrqz/WOsERJgsu9Uq5CZQzgqrJfo9BajNd5irEYn4p3OUiFExtCLmw2tawFi4l5zUMjMIau9u7K+qxeoAcoAA0wDb2OPwmfA16LiiaOHLj1edRLpkO3WmIis7+oBDgJbgQ2AH6gC6jY19N62RkcctKeVIJAhp9QgUA3kJXdONZVcq9JxPSgQoXRAyIDRth8oAXQyKdWnoCKrTD9CBv4GMqx1WGNZkeRWJKbG2hiD1Cb9FbTnzWFdY/LCdLKlgNQ84gyNKqHm0gDjqVHnxDHgA/B9RQkpaB6YklkZl62np9KBhOqwjpKFgeY2YAz4BESBWHI8Hhs6PVVSvc3v98ye4fP7T676B845nt040ip98qpWJmI9PWiU6bfWgXGN2YHcKwU7tsuc4kpUPMbU0+f8+vKt+Pitl7PLAMDI9cNBoB0hQwICzjqUp6MZvsy8yvp95BRuQUjJ75mPvH4wYo1NlJ64Mza7DPwrhi8cCOeXl/aUB4P4c/NJxKLMvpngycCrzxVFG2v/CwAMnguF80oLe8p27cQh+fnpPV/fTc95S6piXQDAw7a9YbWkezZXFbAwMx/xPFXb1D3+Y90AQF/L7kAsri9mZ4lrTd0TcYA/Kakr+x2JSPUAAAAASUVORK5CYII="
01JH1Y5C0CR9NFVRH1P1YZ34WS,yX1.Uq_63Z.I.$P6,Rollie,Dhennin,1991-01-09,797-326-5733,rdhennin2f@tmall.com,94261 Columbus Point,1,"data:image/png;base64,iVBORw0KGgoAAAANSUhEUgAAABAAAAAQCAYAAAAf8/9hAAAABGdBTUEAAK/INwWK6QAAABl0RVh0U29mdHdhcmUAQWRvYmUgSW1hZ2VSZWFkeXHJZTwAAAJcSURBVDjLjZJNSFRRFIC/N29m1PEHNSUc/5WUoj+zAXe6ctmiQNtEFIWLoAhXbYcWkZCge2vTqghKyk2oREVa1hAI6SINQhpRGs3Gee++e0+LGZ9jtuhwD+cuLt/9zr3HEhEWFhbEGIMxBq01Wms8z/Nrfiql/NrX12cFAbTWRKN1pDY3QQSyC0QQQET8PSJUVJQzMfEcAB+Q2tjg+sgb/ieGBmK4rrsL8DwvdyXU1TdQEglTX11MYUGQjBKUZ1AatMC72QRiBMdxAAgAKKWymoBlWaQzHj9SGdKORgQ8LbiewfGyZ0TYa6CUwuz4WRaWZfEr7WHEobw4RDBoEzCC5ABGjA/YNTBZhJUH2XY1qymHSubprbhPxP6dNTD/AJDXgmVZWQgQshXHi6ZobY3RFnqdM/irBdd1CdgBAL4tL+158d6WLzS2dFFW00Fz4hF1Jd3YQXs/IBwKcufKSbQWQqEQq8kkpQUOhclxSqti6M1nNJ26yED4JQHp2Qe4Nz091Z03ZZWecqdi0eXLDSfOQuYjsw+f0nX1FrL+mcnE3a9KlY35gP7+/sF87eHh4RvV4ZVLNQdKKK1IozeXQAx66z3NPYOoF7edWLkZ8QE7MTo6Wq2UWm071Ep06xPlDWcw6RnEbNN5rh3jrlBYvMjBY+cPf595cBOIB/IBjuOcrq2tJdbkUVXXQaR0DfHWwbKZe7IIGExmkeq2RrSjrr2KHz1i7UzgTsTj8Q89ZZOdsQtj2IFlxPuJP+e5n7eL2knOJ1gcjz/eBwB4O9S5JtpExAhiTF6KXzEGEZn7A0dmdT7nVaIZAAAAAElFTkSuQmCC"
01JH1Y5C0DZA71R0ZGQF6NDS0J,rD4|2+eN,Gordon,Courtese,2004-01-26,847-450-8453,gcourtese2g@github.com,7 Arkansas Hill,1,"data:image/png;base64,iVBORw0KGgoAAAANSUhEUgAAABAAAAAQCAYAAAAf8/9hAAAABGdBTUEAAK/INwWK6QAAABl0RVh0U29mdHdhcmUAQWRvYmUgSW1hZ2VSZWFkeXHJZTwAAADPSURBVDjL3VIxCsJAEJyTaCmIYCFWfsMuviNPsAzkB/7E3gdob2+V1kKwsUmOmLu9c+8wASVocalcWGY5dmdmlxPWWoTEAIERNUWWZa0VIkJd16iqClJKn2VZ+iyKwmOe58L1itAVWgdpmtpfqs37q6dnB0mS2C+qxKonxtUnQT8OtvvbYTEdxl0NRBbaGChGpcBIeGjgfJHH3Wa59gRueDZut4ExFmTcIKcWjG4Q0JHhOvKk88kofrvB9a46lRRPKybQ2nii3m8Q/JX/gOAJ1Om5dnjvy8QAAAAASUVORK5CYII="
01JH1Y5C0E9Q2H4K5QXW0AN40D,vX7$gOG*KE,Graeme,Anneslie,2001-03-18,319-200-9598,ganneslie2h@sbwire.com,97 Ohio Lane,1,"data:image/png;base64,iVBORw0KGgoAAAANSUhEUgAAABAAAAAQCAYAAAAf8/9hAAAABGdBTUEAAK/INwWK6QAAABl0RVh0U29mdHdhcmUAQWRvYmUgSW1hZ2VSZWFkeXHJZTwAAAGMSURBVDjLY/j//z8DJZiggtx9Sasyd8Yxk21Axo7YSymbow4QZUDJ8QyHoiNpB/IPJP/P3pPwP3177P+mQ5X/6/aV/o9cFrATrwHFxzIcCg+nnplzacr/TbdW/19/c8X/tTeW/l91bdH/5Vfn/y/ZkvPfb7rbHZwGFBxKnTn9fN//jTdX/W8+XPU/cX34/5iVQf8rtuf/L9mc/d9nqutuvC7I2Zv4AOjf/0D//o9fG3YIJh4wy+OS9xTnQ2699kyO7VacRAUi0L/wUPea5LTGtceW9FgA+ncNyekgfJEfZ9AcTyagfw+59ztcgolbVBsdMi7V/a+Xr/lfK0v1AV4XAP27O2tl0v/UJbH/rRtM/5tVGf6PmB74v/dE0//khdH/VVMUZ+I0AOjflxnLE/5PP9v7f8rprv8TT7X/7zvZ8r/nRON/kLhKssIZxXhZB7wusGu22Bk3N+x/1Mzg//qFWv+1s9X+q6cp/1dOUjigEIeqGWcgAv17AOjfS2RnJt08DWbNTNVVVMmNhDAANau2t3wToKQAAAAASUVORK5CYII="
01JH1Y5C0F3K0YAN77R35RM70F,wH1!{V_?V\*,Ruy,Lawtie,2004-07-01,694-146-7733,rlawtie2i@imgur.com,94 Superior Place,2,"data:image/png;base64,iVBORw0KGgoAAAANSUhEUgAAABAAAAAQCAYAAAAf8/9hAAAABGdBTUEAAK/INwWK6QAAABl0RVh0U29mdHdhcmUAQWRvYmUgSW1hZ2VSZWFkeXHJZTwAAAH0SURBVDjLxdPPS9tgGAfwgH/ATmPD0w5jMFa3IXOMFImsOKnbmCUTacW1WZM2Mf1ho6OBrohkIdJfWm9aLKhM6GF4Lz3No/+AMC/PYQXBXL1+95oxh1jGhsgOX/LywvN5n/fN+3IAuKuEuzagVFoO27b1/Z+BcrnUx4otx7FPLWsJvYpIM2SS9H4PqNWqfK1W8VKplHlW/G1zs4G9vS9YXPx4CaDkXOFES4Om4gceUK2WsbZWR72+gtXVFezsbKHVamF7ewtm/sMFgBJZhd6pvm4kDndaAo2KOmt5Gfv7X9HpdNBut9FsNmFZFgPrMHKZc4DkjHyi6KC3MZNehTOuGAH5Xx5ybK/Y3f0Mx3Fg2zaKxSIMw2DjT0inNQ84nogcUUQJHIfZquNT3hzx46DBALizg2o01qEoCqLRKERRRDAYhKYlWRK/AJdCMwH2BY28+Qk8fg667wdXKJjY2FiHaeaRzWYQCk1AEASGzSCZjP/ewtik5r6eBD0dM+nRSMb1j4LuPDnkFhZymJ/PsmLdazmV0jxEkqKsK+niIQ69mKUBwdd9OAx3SADdHtC53FyK12dVXlVlPpF4zytK7OgMyucNyHLs8m+8+2zJHRwG3fId9LxIbNU+OR6zWU57AR5y84FKN+71//EqM2iapfv/HtPf5gcdtKR8VW88PgAAAABJRU5ErkJggg=="
01JH1Y5C0GFY9JG26CHVSFEEJR,sY8?>eDsJfCM7,Lavena,Boow,2002-12-01,294-100-5669,lboow2j@dailymotion.com,38 Kinsman Avenue,1,"data:image/png;base64,iVBORw0KGgoAAAANSUhEUgAAABAAAAAQCAYAAAAf8/9hAAAABGdBTUEAAK/INwWK6QAAABl0RVh0U29mdHdhcmUAQWRvYmUgSW1hZ2VSZWFkeXHJZTwAAAIgSURBVDjLdVI9a1RBFD3z9r3sVwrdWCwYUkSLWKaQWOwf0EpIKSIi6QSxWyxSrE3+gUVEQREsU1ooiIRImhSCCImNIcj6kcVNNm/fzP2yeJu46yYXDpdh7jlzOHOdmeG47r+7azeuXMdWZwNiClEZQMHKuHqhgedrL/Dm4Xt3zIkxVEwMtXxYVMCqg/4PIfAw5T+BwDADSGRIJIeq5neeRgSi4QMFRhEVFKMSSBhBCEEIJIxioYyyTYICne2AArc62x+X72Q/MXXQRplzu2kUoV2ZwttvH0CBW2cKvLJfe/3v+7147vYkTc/gSCIYZ3CcYrq/i1s7r3tLs25vmOOOf8FeXlsA3FqYf1T3oQhN/4CzIxhlMA6AK6BYcqhsP2mD7Gby4PPmaAbCTZ67V/dchqRdSMiJRgGapeDub6SdLrKZxboeSnMsRFNuUHUW2j/MiRwAJih5GAco9cEH++hzBfDSGM9AraZWgFEG5QATgnJOljAQ8RnEM1Rc7ZRvNJgIlOnE+glk0DnAxMP0lD0wtY6jHqAyap19ngN5AAqwBwidcQdC63H3C1ycQCWMWM9fFkRJGSX/AxywPu6gryvx1rN24lJESQlQhQnBiAAzFMpVFKsJ4k8bbdNoZWwPACA8vrwERivML9aziYsQVphPAUoxcbSLeGujreyWz63urJ4qAABZ89KC9rgJ0oaaq0EAM9dRxrpOJCvnn37dHJ7/C8hDreOQ71qxAAAAAElFTkSuQmCC"
01JH1Y5C0HDKERXRP5K0MA277J,lJ1#=.okNucJI/,Griff,Drohan,2002-02-21,781-702-0064,gdrohan2k@adobe.com,95673 Logan Plaza,2,"data:image/png;base64,iVBORw0KGgoAAAANSUhEUgAAABAAAAAQCAYAAAAf8/9hAAAABGdBTUEAAK/INwWK6QAAABl0RVh0U29mdHdhcmUAQWRvYmUgSW1hZ2VSZWFkeXHJZTwAAAEgSURBVDjLrZMxSkQxEIa/J2IhVmKlF/EWVl7FW3iNrS28wna29iKIKNgIvrfZzPy/Rd7uIu5jFzQQApnMN18mpLPNX8bhrgO396+bCoaUubk67/YGAFycHiEbCZ7fFz9iB/sAVslKU9Pbr3D30NuAEgzYcH153EWaDJBMpqhlApCCs5MDBFjw9ikAIkSkUJqQKDW2A2xIt1WGaPnUKiJa9UxPG0SCtAFktv1l9doi05TI7QCNBtJPg2VNaogcLWrdYdAARtkItSRRW/WQqXXCINQaKbsZjOdKNXWsLkFMPWOmSHWbHnjVxGzJ2cCSJgwMLx9Jji+y+iKxNI9PX78SV6P7l880m81cSmEYBhaLBX3f/5rDMKzjpRTm83n3LwbfdX8jZ1EmeqAAAAAASUVORK5CYII="
01JH1Y5C0JT6RGJRK9C26AYCAX,"oT5'twf""Kjzj,4",Kermy,Dyett,1999-01-07,720-828-8552,kdyett2l@reference.com,741 Scoville Alley,2,"data:image/png;base64,iVBORw0KGgoAAAANSUhEUgAAABAAAAAQCAYAAAAf8/9hAAAABGdBTUEAAK/INwWK6QAAABl0RVh0U29mdHdhcmUAQWRvYmUgSW1hZ2VSZWFkeXHJZTwAAABzSURBVDjLY/j//z9Dzqzj0UB8E8puA+KnBNgVQNwEYoM4WSRqBrEfQdmeIOIhiZph7BYg3sZApmY4myLNIFcwUKAZzB5wL7SNeoFKXiinIDlXgohUpLRNiuZakOUwL3gB8TEcGh5D2TVAfAnKLgbiDhAbAJ0nqHy8Qq7oAAAAAElFTkSuQmCC"
01JH1Y5C0KWYMHGS1ABJB4514B,tT7/J2%G~)}t,Evania,Meekins,1980-02-25,315-578-8128,emeekins2m@homestead.com,6012 Roxbury Junction,1,"data:image/png;base64,iVBORw0KGgoAAAANSUhEUgAAABAAAAAQCAYAAAAf8/9hAAAABGdBTUEAAK/INwWK6QAAABl0RVh0U29mdHdhcmUAQWRvYmUgSW1hZ2VSZWFkeXHJZTwAAAKRSURBVDjLhZHfT1JhHMb9F7ptXXXR2lw/Llp3blnNZauLtmwtp15oWsu6oJZ5bKyFQiGIEIRIKoEsJtikWM1JmiQhtpieo3ISUoEINiJNE2SgT5x3ZiVZ3+15v3t/PJ89+755APJ4PJ64s7MzZDKZYDabYbFY0NvbSzq35867u7uh1WpjfD5fwXl+iixqtXoi2xfw/0ppNJrPOQC9Xp/O9vXTvCf4l7jKJkUOgIvH1bmGPlQ1D6Na+gY1Micut77FFcUoapVj5I4rnU6XCzAYDJuAmqz50hbzNdUvQJfu8d8BmUwGMzMz8Hq9oGkaHo8HbrcbTqcTDocDQ0ND+B62gzWeh8/ahPGOIkyo8ssJYCMWmXxLSwtYloXRaIRYLCag6I3rmKUKERmswyJtA5bDWKAtcElORAmgo4MMBqFQCIFAAH6/Hz6fj6RhGAasuw3xqTtIhZ4h8roZCeYpMvMjYLqqkwSgaW8nAKvVCrlcjmAwSNLIZDLM0ibEJ29jLTGCxMdaxMeuwmuoBK0t+zKmOLOHAFQqFQFEo1FEIhGEw2GSZp4x4ytTj7WkCyv+CiSDpViapjCnORJ9Lz1+cHOIcrmCAGw2G5RKJYHY9HxE3tVtmMuRDFzAt8kGsKoifJAcPvTHLzRLJAQQi8WI2FEjpvtvZmM7kJyrxGqwDIvZJH7NSTyUCnK/USgUpocdjnW73Y6+R3xMvaAw8bIVn9wlWJkrRXz8FrzqUxgZ6FsXikSJHABFUYxA0LgiFIrQc/8YsDQPtv0sBqmdcLYVY0BQgAfCetwVNK5m37pyAL9LcDE/nXIpkXLL4W4qRE/VruX++v0Htr7bFlBSsCMpqtibfnWvOG2XHh1+Xrdv93ZmTj8Aff0H4WdEl0kAAAAASUVORK5CYII="
01JH1Y5C0MBJSNTMWP261JHK20,hZ3\GOjz*,Freemon,Bartrap,1984-01-31,770-147-9267,fbartrap2n@webs.com,63318 Haas Point,2,"data:image/png;base64,iVBORw0KGgoAAAANSUhEUgAAABAAAAAQCAYAAAAf8/9hAAAABGdBTUEAAK/INwWK6QAAABl0RVh0U29mdHdhcmUAQWRvYmUgSW1hZ2VSZWFkeXHJZTwAAALASURBVDjLdZPLS1tBFMaDf4D7LLqviy66aulSsnBRaDWLSqFgmvRBUhG7UDQoJBpiSGpKTQrRIIqvYBRMKJHeRuMzPq/GNAbFx8JHLwoKLZau7v16zlDTBuzAMAx3vt/5zjdzdQB0N821tTXz0tJSamFhIUXD/L9zRZutra2yjY2NUhKXkPj89PQUJycnGBsbO08kEiXxeLx0fHy87EYAiXtIrK6urirpdFo/NzenHB4e4uDgACRUYrGYnkDKyMiIOjAw0FMEyGQy9v39fVxcXGBvbw8kvpqentby+TxyuRwmJiY0El+RMyiKgsnJSXi9XnsBQFVbqFeNISzY3d0VoGsA77PZLBiwvLyMpqYmrb6+vqWohcXFRRcfXl9fx8rKCiRJQjgcRn9/PzsCtYXZ2VlR3ePxuAotEFGm6sczMzOXOzs7kGUZyWQSTqcz3djYaGhtbTX4/f70/Py8APF3n8936Xa7j9va2mQdidWzszNhlytTkBgaGkJ7e7vhukp3d7eBMgCdFc7YDYdrs9lUHd2xenR0JHrkD1yBEkdXV1cBEAwGDZFIRDjgFsitOG8ymVQdXYlMFo/7+vouNzc3BYRz6O3tTYdCIUMgEBAthKKdePvxGV52PsJTZ7n2+HX5d6PRKBdCJIsuClIExSs9JIyOjoLuHYGIB46oCZ9yQWS+SfB/seKJ/w7u2fQ+IY5Goy3Dw8Pa9va2EPN10cMSmTCoxlOB2Nf3iOU/gIcv+QL+5CsG/BKAwcFBOyfPL49AoHSvXC6XxqFx3w/td5HIhfHviGeDDPj7ph0OR09dXZ1qsViUhoYGPUEUdsIOHry5pXml53BLNULs/lxT7OB6EqDMarWWNjc3lxDwfGpqiv8DVFju/zT6buOdZBGVeeV9IYObZm1trbm6ujpVWVmZqqqqMtPhDpo/2PaftYPP/QZledsx50IwXwAAAABJRU5ErkJggg=="
01JH1Y5C0N1G5ERJDS1XB91P3D,gK6/Px$gC,Atalanta,Sweetnam,2000-06-19,757-558-8238,asweetnam2o@gmpg.org,6 Burning Wood Avenue,2,"data:image/png;base64,iVBORw0KGgoAAAANSUhEUgAAABAAAAAQCAYAAAAf8/9hAAAABGdBTUEAAK/INwWK6QAAABl0RVh0U29mdHdhcmUAQWRvYmUgSW1hZ2VSZWFkeXHJZTwAAAKdSURBVDjLjZP9S1NRGMdH9GckFFT6Q5ZhWVGZEGhFSFmaoiCB72VJxYwowSAhKUqY0gZplOR+MQqCwtQSC19wXcXFfjF1zXa3u817d+927t2Lfjv3xF6Eoi58fjrn+dzn+XIeAwCDDv22UHIpef9gK2VTsi5NkKtpmhSLxdbi8Tj+BD2HyWTqSpcYbGdLnbMFeTFX+aF1ofkIxKYs+K8fhRLwIRwOIxgMQhRFeL1eJuF5Ht3d3UmJYTJzO5bqjk+bKvONisMGiRuH0n4YwR8LUFUViqJAkiQIgsAEhBCEQiGYzebfkm/HsrBy/1ydPp9+IRKJgAych+xeRscbB1oH7ajumUSblaMjRDeMxDLxlGdj4VZ+WUIQi6iIDJZC8brQ/HwO3KIfjmUvLlmmsLjsZp243e6UQLqYhaU7Jw8mBDqipREabbP91TyUsMrCu/bsKwT/KssjEAikBL7GvevEeCBOHhbFyJNiyL0tUEY6ockSjNZ5GF/acLWfQ1PvHERJZpnIspwSKN8tm93jhZmXq3eUaSEX4lGCqOpjF0JklYYmg6gifNISwqrCQtRJCjThcY06tQ2e8WLinSiBMFUFYaISGi3sG6uBebQKlk9V6BktxQ3rCRayPlJK4DTXyJ+zYe6ob0tksMo1IEo7eTJ6AW+5e6CPCxP292i2FLLiDQKy2Fcf+JiNm42nGxKCsL0YROFhGi6BdeY2gqEARmYHUPuggIqjjKRgZaar2vthN770V9idti74HI9AJneByDz6xzrR8qIIrU/P4IrpFGrvFrFudJIC7nX7Ts/QfoF/lwNhKAf+4T0QpytoBgr7k8fvBu/7CRfvREDypz+kNSZIW6Z9NKCwfvC3ZUovpncVtr1pggxd8h/rnEBf/Yxfiwq9OE8N8XAAAAAASUVORK5CYII="
01JH1Y5C0PV93D7X888G0XAKF1,rG6.#w5%oZ`6,Lindsey,Lesslie,1989-10-18,310-902-0489,llesslie2p@usa.gov,234 Carpenter Hill,2,"data:image/png;base64,iVBORw0KGgoAAAANSUhEUgAAABAAAAAQCAYAAAAf8/9hAAAABGdBTUEAAK/INwWK6QAAABl0RVh0U29mdHdhcmUAQWRvYmUgSW1hZ2VSZWFkeXHJZTwAAAIjSURBVDjLpZJvSBNhHMdlwV4n9CIsCAxaEEQEvSh6ExQEva1eFBFY2YuQ/pERUUZUkiihy47U9WdlrWSzoqW1rW6ZbrY/zoazOXfX7hZe3jZm2+12h+Pb3YpgtUXWiw88bz6f5/d7eKoAVP0PPw9Oal7zZlombGGJHQzlCs+D2UL/2Bzb50kRD0Z4zR8DpCK/jsikj5FAJWQwKQlMUsLUlzwcE2ncJmfILjurqRhwRGTCy+TBpmSEZkT4mRw8sRwCbA7RWQnWsQT0L2iiYuDlpMhSvFSUvYr4/pMANyVgOCp8DzECWp9E2IoBdd+YMrIqj9ICXIr8bjoL6cJ5zB9tgHygDuLO3chu2465DZuQWrU2VRKw+NMFOiHBrcgjyq1Diuycyhblrw87kb7bjmR3G3h9M7jWi0jUrERJwOROsJM/xn8byYJUZMfHDDLHT/56c1GerV4ulgSMQxwxEEgizOWLu6uyLZQpxj7ERRhsNDquG0T7pR26sm/Q7YhrbgzGSMsoB19MQPCziHEFdzSDnlc02k0uTFiuwHpuC99/eqOu7Ee69iyqabGEicuPQmxTb7Bw9k6g0Njji7fojZTXeAqcpw/++40wHVvH3zuyWvdboBIDTVu1T89sNg8TBxF3GuC6WQ/DoRX8XwdUHp9Yr+1tWGO2t+1C1HoVxP6lWFBA5VZ9rbarbpnZcLgW+r3VzQsOqHTuW7KoY8/imrKP+K98A227/eEeskW1AAAAAElFTkSuQmCC"
01JH1Y5C0RMNHH5ZPJFDA1HS0K,aN3>pg35kz2*P,Ardeen,Comi,2005-08-30,814-778-2817,acomi2q@angelfire.com,6270 Aberg Hill,1,"data:image/png;base64,iVBORw0KGgoAAAANSUhEUgAAABAAAAAQCAYAAAAf8/9hAAAABGdBTUEAAK/INwWK6QAAABl0RVh0U29mdHdhcmUAQWRvYmUgSW1hZ2VSZWFkeXHJZTwAAAI3SURBVDjLpZNNSJRxEMaf1XVVyA/8iH1fKdEKIzwpSIeCLmkRUaaXSsE6tB3qYLIQeTUMCwqEKNI6hJHRNamwEDSXCENKoaKNNjLCd9PDRuX7f2b+HUSzcLs4t2Hm+Q0zPBOw1mItkbEy6RiP9LSPnuhK19x6r6nn8MDBrlUBHc8iveFsN+rkOJ2nnhy78q+4ZbCp180ri7qFbmfjjb3L9UDH+MlMq9oXznHaNuVvgYjg3dwbJOYT/UKJkAIx0ucUlLVVOVWgJabiU4jPxPtpJBJU1bMqWpuFEFQVFhakgEbqhBKlkUyStUJCrEBVEQxmwfisEyPRgLUWp58e3xgKhBJ1znaoKh6/fYRbjYOBlSscuN5g62vrQSsYjg0j9T1VPnIu9ikDAISyOFUEtITS4sidxtCy+FpDSI2CSlAJYwj68ueIQoEYQixBEYTzwqBh9xLA+Ox2SlwYXazTX4QAQBAASJlZMP6cl/KK8nMLUF5agR+/fp7Zf3V3tVDgFLv1lRsqQCVmkx5SqdQcKTMAEFgyUsvdQ82kDFSUVIbcYhcKC2/egwhRWFAEqkH84wdMTU/7Qjk6cfHV/b8AANB8c99mGukk2bq1fFvm+uJSqAo+f/2CickJEcptGjn/8tLr98s+WM3Key7v2rEuN2+0proGYhWx5zF4yeTOFxcmx/5r5aV42D4y5n1LLvhi4NNg1vMWVhOnBQAAfWarVSgUNJKdri+YFmCIB0NDECMQStpvDKz1nX8D4+Fd1+gIFK0AAAAASUVORK5CYII="
01JH1Y5C0S8K7389VY9PJYHJYS,tU8(btjZ+*~>,Amanda,Barkshire,2000-07-15,255-296-7569,abarkshire2r@blogspot.com,388 East Road,2,"data:image/png;base64,iVBORw0KGgoAAAANSUhEUgAAABAAAAAQCAQAAAC1+jfqAAAABGdBTUEAAK/INwWK6QAAABl0RVh0U29mdHdhcmUAQWRvYmUgSW1hZ2VSZWFkeXHJZTwAAADoSURBVBgZBcExblNBGAbA2ceegTRBuIKOgiihSZNTcC5LUHAihNJR0kGKCDcYJY6D3/77MdOinTvzAgCw8ysThIvn/VojIyMjIyPP+bS1sUQIV2s95pBDDvmbP/mdkft83tpYguZq5Jh/OeaYh+yzy8hTHvNlaxNNczm+la9OTlar1UdA/+C2A4trRCnD3jS8BB1obq2Gk6GU6QbQAS4BUaYSQAf4bhhKKTFdAzrAOwAxEUAH+KEM01SY3gM6wBsEAQB0gJ+maZoC3gI6iPYaAIBJsiRmHU0AALOeFC3aK2cWAACUXe7+AwO0lc9eTHYTAAAAAElFTkSuQmCC"
